,seqnames,start,end,width,strand,type,Sequence,setName,BID,Restriction.enzyme,Origin.of.data.set
1,chr12,100262999,100262999,1,+,insertion,Schroder-HIV-SupT1-inVivo-01A01,Schroder-HIV-SupT1-inVivo,31258490,6-CUTTER,Schroder-HIV-SupT1-inVivo
2,chr2,98674902,98674902,1,-,insertion,Schroder-HIV-SupT1-inVivo-01A02,Schroder-HIV-SupT1-inVivo,31258631,6-CUTTER,Schroder-HIV-SupT1-inVivo
3,chr3,46050343,46050343,1,-,insertion,Schroder-HIV-SupT1-inVivo-01A03,Schroder-HIV-SupT1-inVivo,31229662,6-CUTTER,Schroder-HIV-SupT1-inVivo
4,chr3,126649166,126649166,1,-,insertion,Schroder-HIV-SupT1-inVivo-01A08,Schroder-HIV-SupT1-inVivo,31258885,6-CUTTER,Schroder-HIV-SupT1-inVivo
5,chr17,63153005,63153005,1,+,insertion,Schroder-HIV-SupT1-inVivo-01A09,Schroder-HIV-SupT1-inVivo,31258892,6-CUTTER,Schroder-HIV-SupT1-inVivo
6,chr16,70389084,70389084,1,-,insertion,Schroder-HIV-SupT1-inVivo-01A10,Schroder-HIV-SupT1-inVivo,31258993,6-CUTTER,Schroder-HIV-SupT1-inVivo
7,chr12,31798080,31798080,1,-,insertion,Schroder-HIV-SupT1-inVivo-01B02,Schroder-HIV-SupT1-inVivo,31259427,6-CUTTER,Schroder-HIV-SupT1-inVivo
8,chr3,129129862,129129862,1,+,insertion,Schroder-HIV-SupT1-inVivo-01B08,Schroder-HIV-SupT1-inVivo,31260304,6-CUTTER,Schroder-HIV-SupT1-inVivo
9,chr17,3671671,3671671,1,+,insertion,Schroder-HIV-SupT1-inVivo-01B09,Schroder-HIV-SupT1-inVivo,31260308,6-CUTTER,Schroder-HIV-SupT1-inVivo
10,chr15,21308037,21308037,1,+,insertion,Schroder-HIV-SupT1-inVivo-01B10,Schroder-HIV-SupT1-inVivo,31260334,6-CUTTER,Schroder-HIV-SupT1-inVivo
11,chr1,156705161,156705161,1,-,insertion,Schroder-HIV-SupT1-inVivo-01B12,Schroder-HIV-SupT1-inVivo,31260483,6-CUTTER,Schroder-HIV-SupT1-inVivo
12,chr15,39764404,39764404,1,-,insertion,Schroder-HIV-SupT1-inVivo-01C03,Schroder-HIV-SupT1-inVivo,31260794,6-CUTTER,Schroder-HIV-SupT1-inVivo
13,chr4,109610006,109610006,1,-,insertion,Schroder-HIV-SupT1-inVivo-01C11,Schroder-HIV-SupT1-inVivo,31261021,6-CUTTER,Schroder-HIV-SupT1-inVivo
14,chr20,32722584,32722584,1,+,insertion,Schroder-HIV-SupT1-inVivo-01C12,Schroder-HIV-SupT1-inVivo,31261258,6-CUTTER,Schroder-HIV-SupT1-inVivo
15,chr6,149308230,149308230,1,+,insertion,Schroder-HIV-SupT1-inVivo-01D01,Schroder-HIV-SupT1-inVivo,31261599,6-CUTTER,Schroder-HIV-SupT1-inVivo
16,chr16,45792808,45792808,1,+,insertion,Schroder-HIV-SupT1-inVivo-01D03,Schroder-HIV-SupT1-inVivo,31261972,6-CUTTER,Schroder-HIV-SupT1-inVivo
17,chr11,66724975,66724975,1,-,insertion,Schroder-HIV-SupT1-inVivo-01D08,Schroder-HIV-SupT1-inVivo,31262406,6-CUTTER,Schroder-HIV-SupT1-inVivo
18,chr17,77672357,77672357,1,+,insertion,Schroder-HIV-SupT1-inVivo-01D12,Schroder-HIV-SupT1-inVivo,31262485,6-CUTTER,Schroder-HIV-SupT1-inVivo
19,chr20,13681416,13681416,1,+,insertion,Schroder-HIV-SupT1-inVivo-01E02,Schroder-HIV-SupT1-inVivo,31262494,6-CUTTER,Schroder-HIV-SupT1-inVivo
20,chr1,148951216,148951216,1,+,insertion,Schroder-HIV-SupT1-inVivo-01E03,Schroder-HIV-SupT1-inVivo,31262507,6-CUTTER,Schroder-HIV-SupT1-inVivo
21,chr12,108381501,108381501,1,-,insertion,Schroder-HIV-SupT1-inVivo-01F02,Schroder-HIV-SupT1-inVivo,31262515,6-CUTTER,Schroder-HIV-SupT1-inVivo
22,chr12,26920429,26920429,1,-,insertion,Schroder-HIV-SupT1-inVivo-01F03,Schroder-HIV-SupT1-inVivo,31262568,6-CUTTER,Schroder-HIV-SupT1-inVivo
23,chr21,46044504,46044504,1,-,insertion,Schroder-HIV-SupT1-inVivo-01F06,Schroder-HIV-SupT1-inVivo,31262681,6-CUTTER,Schroder-HIV-SupT1-inVivo
24,chr6,42922067,42922067,1,-,insertion,Schroder-HIV-SupT1-inVivo-01G02,Schroder-HIV-SupT1-inVivo,31263601,6-CUTTER,Schroder-HIV-SupT1-inVivo
25,chr6,74249554,74249554,1,+,insertion,Schroder-HIV-SupT1-inVivo-01G03,Schroder-HIV-SupT1-inVivo,31264159,6-CUTTER,Schroder-HIV-SupT1-inVivo
26,chr15,42873145,42873145,1,+,insertion,Schroder-HIV-SupT1-inVivo-01G08,Schroder-HIV-SupT1-inVivo,31264283,6-CUTTER,Schroder-HIV-SupT1-inVivo
27,chr16,66998891,66998891,1,+,insertion,Schroder-HIV-SupT1-inVivo-01H11,Schroder-HIV-SupT1-inVivo,31264504,6-CUTTER,Schroder-HIV-SupT1-inVivo
28,chr15,84066374,84066374,1,-,insertion,Schroder-HIV-SupT1-inVivo-01H12,Schroder-HIV-SupT1-inVivo,31264752,6-CUTTER,Schroder-HIV-SupT1-inVivo
29,chr1,226582093,226582093,1,+,insertion,Schroder-HIV-SupT1-inVivo-02A06,Schroder-HIV-SupT1-inVivo,31266011,6-CUTTER,Schroder-HIV-SupT1-inVivo
30,chr1,233991757,233991757,1,-,insertion,Schroder-HIV-SupT1-inVivo-02A09,Schroder-HIV-SupT1-inVivo,31266041,6-CUTTER,Schroder-HIV-SupT1-inVivo
31,chr15,29348433,29348433,1,+,insertion,Schroder-HIV-SupT1-inVivo-02A10,Schroder-HIV-SupT1-inVivo,31266052,6-CUTTER,Schroder-HIV-SupT1-inVivo
32,chr19,44644128,44644128,1,-,insertion,Schroder-HIV-SupT1-inVivo-02B01,Schroder-HIV-SupT1-inVivo,31266824,6-CUTTER,Schroder-HIV-SupT1-inVivo
33,chr13,99740170,99740170,1,-,insertion,Schroder-HIV-SupT1-inVivo-02B02,Schroder-HIV-SupT1-inVivo,31266922,6-CUTTER,Schroder-HIV-SupT1-inVivo
34,chr19,4068028,4068028,1,+,insertion,Schroder-HIV-SupT1-inVivo-02B03,Schroder-HIV-SupT1-inVivo,31266940,6-CUTTER,Schroder-HIV-SupT1-inVivo
35,chr1,228336055,228336055,1,-,insertion,Schroder-HIV-SupT1-inVivo-02B07,Schroder-HIV-SupT1-inVivo,31267201,6-CUTTER,Schroder-HIV-SupT1-inVivo
36,chr17,17328159,17328159,1,+,insertion,Schroder-HIV-SupT1-inVivo-02C01,Schroder-HIV-SupT1-inVivo,31267881,6-CUTTER,Schroder-HIV-SupT1-inVivo
37,chr17,35239055,35239055,1,+,insertion,Schroder-HIV-SupT1-inVivo-02C05,Schroder-HIV-SupT1-inVivo,31268420,6-CUTTER,Schroder-HIV-SupT1-inVivo
38,chr7,106610688,106610688,1,+,insertion,Schroder-HIV-SupT1-inVivo-02C07,Schroder-HIV-SupT1-inVivo,31269305,6-CUTTER,Schroder-HIV-SupT1-inVivo
39,chr7,5780228,5780228,1,+,insertion,Schroder-HIV-SupT1-inVivo-02C09,Schroder-HIV-SupT1-inVivo,31269310,6-CUTTER,Schroder-HIV-SupT1-inVivo
40,chr10,73260373,73260373,1,-,insertion,Schroder-HIV-SupT1-inVivo-02D03,Schroder-HIV-SupT1-inVivo,31269321,6-CUTTER,Schroder-HIV-SupT1-inVivo
41,chr20,10448185,10448185,1,-,insertion,Schroder-HIV-SupT1-inVivo-02D12,Schroder-HIV-SupT1-inVivo,31269988,6-CUTTER,Schroder-HIV-SupT1-inVivo
42,chr19,50804818,50804818,1,+,insertion,Schroder-HIV-SupT1-inVivo-02E03,Schroder-HIV-SupT1-inVivo,31270137,6-CUTTER,Schroder-HIV-SupT1-inVivo
43,chr4,164640622,164640622,1,+,insertion,Schroder-HIV-SupT1-inVivo-02E07,Schroder-HIV-SupT1-inVivo,31270845,6-CUTTER,Schroder-HIV-SupT1-inVivo
44,chr14,53195969,53195969,1,-,insertion,Schroder-HIV-SupT1-inVivo-02E11,Schroder-HIV-SupT1-inVivo,31270849,6-CUTTER,Schroder-HIV-SupT1-inVivo
45,chr11,75908211,75908211,1,-,insertion,Schroder-HIV-SupT1-inVivo-02E12,Schroder-HIV-SupT1-inVivo,31271014,6-CUTTER,Schroder-HIV-SupT1-inVivo
46,chr17,77762622,77762622,1,+,insertion,Schroder-HIV-SupT1-inVivo-02F03,Schroder-HIV-SupT1-inVivo,31271578,6-CUTTER,Schroder-HIV-SupT1-inVivo
47,chr12,131822808,131822808,1,+,insertion,Schroder-HIV-SupT1-inVivo-02F04,Schroder-HIV-SupT1-inVivo,31271711,6-CUTTER,Schroder-HIV-SupT1-inVivo
48,chr19,12282376,12282376,1,+,insertion,Schroder-HIV-SupT1-inVivo-02F09,Schroder-HIV-SupT1-inVivo,31272435,6-CUTTER,Schroder-HIV-SupT1-inVivo
49,chr16,66709958,66709958,1,+,insertion,Schroder-HIV-SupT1-inVivo-02F10,Schroder-HIV-SupT1-inVivo,31272438,6-CUTTER,Schroder-HIV-SupT1-inVivo
50,chr15,78195114,78195114,1,+,insertion,Schroder-HIV-SupT1-inVivo-02G02,Schroder-HIV-SupT1-inVivo,31272447,6-CUTTER,Schroder-HIV-SupT1-inVivo
51,chr1,2318588,2318588,1,-,insertion,Schroder-HIV-SupT1-inVivo-02G03,Schroder-HIV-SupT1-inVivo,31272451,6-CUTTER,Schroder-HIV-SupT1-inVivo
52,chr12,6611311,6611311,1,+,insertion,Schroder-HIV-SupT1-inVivo-02G10,Schroder-HIV-SupT1-inVivo,31273107,6-CUTTER,Schroder-HIV-SupT1-inVivo
53,chr9,138950696,138950696,1,-,insertion,Schroder-HIV-SupT1-inVivo-02G12,Schroder-HIV-SupT1-inVivo,31273512,6-CUTTER,Schroder-HIV-SupT1-inVivo
54,chr19,10632082,10632082,1,+,insertion,Schroder-HIV-SupT1-inVivo-02H04,Schroder-HIV-SupT1-inVivo,31273518,6-CUTTER,Schroder-HIV-SupT1-inVivo
55,chr3,45873496,45873496,1,+,insertion,Schroder-HIV-SupT1-inVivo-02H05,Schroder-HIV-SupT1-inVivo,31274029,6-CUTTER,Schroder-HIV-SupT1-inVivo
56,chr11,116364068,116364068,1,+,insertion,Schroder-HIV-SupT1-inVivo-02H08,Schroder-HIV-SupT1-inVivo,31274810,6-CUTTER,Schroder-HIV-SupT1-inVivo
57,chr5,138945737,138945737,1,+,insertion,Schroder-HIV-SupT1-inVivo-02H09,Schroder-HIV-SupT1-inVivo,31275034,6-CUTTER,Schroder-HIV-SupT1-inVivo
58,chr5,3881632,3881632,1,+,insertion,Schroder-HIV-SupT1-inVivo-03A01,Schroder-HIV-SupT1-inVivo,31275044,6-CUTTER,Schroder-HIV-SupT1-inVivo
59,chr16,30238093,30238093,1,-,insertion,Schroder-HIV-SupT1-inVivo-03A05,Schroder-HIV-SupT1-inVivo,31276067,6-CUTTER,Schroder-HIV-SupT1-inVivo
60,chr16,68060713,68060713,1,+,insertion,Schroder-HIV-SupT1-inVivo-03A06,Schroder-HIV-SupT1-inVivo,31276640,6-CUTTER,Schroder-HIV-SupT1-inVivo
61,chr4,2831928,2831928,1,+,insertion,Schroder-HIV-SupT1-inVivo-03A09,Schroder-HIV-SupT1-inVivo,31276829,6-CUTTER,Schroder-HIV-SupT1-inVivo
62,chr6,43402195,43402195,1,-,insertion,Schroder-HIV-SupT1-inVivo-03A11,Schroder-HIV-SupT1-inVivo,31277310,6-CUTTER,Schroder-HIV-SupT1-inVivo
63,chr5,77078762,77078762,1,+,insertion,Schroder-HIV-SupT1-inVivo-03A12,Schroder-HIV-SupT1-inVivo,31277316,6-CUTTER,Schroder-HIV-SupT1-inVivo
64,chr6,137225785,137225785,1,+,insertion,Schroder-HIV-SupT1-inVivo-03B02,Schroder-HIV-SupT1-inVivo,31277322,6-CUTTER,Schroder-HIV-SupT1-inVivo
65,chr11,66173281,66173281,1,+,insertion,Schroder-HIV-SupT1-inVivo-03B03,Schroder-HIV-SupT1-inVivo,31277365,6-CUTTER,Schroder-HIV-SupT1-inVivo
66,chr1,9226185,9226185,1,-,insertion,Schroder-HIV-SupT1-inVivo-03B06,Schroder-HIV-SupT1-inVivo,31277431,6-CUTTER,Schroder-HIV-SupT1-inVivo
67,chrX,153382900,153382900,1,+,insertion,Schroder-HIV-SupT1-inVivo-03B11,Schroder-HIV-SupT1-inVivo,31278042,6-CUTTER,Schroder-HIV-SupT1-inVivo
68,chr1,6282222,6282222,1,+,insertion,Schroder-HIV-SupT1-inVivo-03C03,Schroder-HIV-SupT1-inVivo,31278645,6-CUTTER,Schroder-HIV-SupT1-inVivo
69,chr12,28358203,28358203,1,+,insertion,Schroder-HIV-SupT1-inVivo-03C09,Schroder-HIV-SupT1-inVivo,31278646,6-CUTTER,Schroder-HIV-SupT1-inVivo
70,chr13,41227426,41227426,1,+,insertion,Schroder-HIV-SupT1-inVivo-03C12,Schroder-HIV-SupT1-inVivo,31279329,6-CUTTER,Schroder-HIV-SupT1-inVivo
71,chrX,6176189,6176189,1,-,insertion,Schroder-HIV-SupT1-inVivo-03D04,Schroder-HIV-SupT1-inVivo,31279742,6-CUTTER,Schroder-HIV-SupT1-inVivo
72,chr12,119768446,119768446,1,-,insertion,Schroder-HIV-SupT1-inVivo-03D05,Schroder-HIV-SupT1-inVivo,31279902,6-CUTTER,Schroder-HIV-SupT1-inVivo
73,chr16,3610733,3610733,1,-,insertion,Schroder-HIV-SupT1-inVivo-03D06,Schroder-HIV-SupT1-inVivo,31280318,6-CUTTER,Schroder-HIV-SupT1-inVivo
74,chr11,67216860,67216860,1,+,insertion,Schroder-HIV-SupT1-inVivo-03D07,Schroder-HIV-SupT1-inVivo,31280953,6-CUTTER,Schroder-HIV-SupT1-inVivo
75,chr17,71297390,71297390,1,+,insertion,Schroder-HIV-SupT1-inVivo-03D08,Schroder-HIV-SupT1-inVivo,31281205,6-CUTTER,Schroder-HIV-SupT1-inVivo
76,chr2,198110907,198110907,1,-,insertion,Schroder-HIV-SupT1-inVivo-03D11,Schroder-HIV-SupT1-inVivo,31282013,6-CUTTER,Schroder-HIV-SupT1-inVivo
77,chr7,98667829,98667829,1,-,insertion,Schroder-HIV-SupT1-inVivo-03E03,Schroder-HIV-SupT1-inVivo,31282450,6-CUTTER,Schroder-HIV-SupT1-inVivo
78,chr3,71491113,71491113,1,-,insertion,Schroder-HIV-SupT1-inVivo-03F01,Schroder-HIV-SupT1-inVivo,31283343,6-CUTTER,Schroder-HIV-SupT1-inVivo
79,chr7,132889452,132889452,1,+,insertion,Schroder-HIV-SupT1-inVivo-03F02,Schroder-HIV-SupT1-inVivo,31283345,6-CUTTER,Schroder-HIV-SupT1-inVivo
80,chr3,57887371,57887371,1,+,insertion,Schroder-HIV-SupT1-inVivo-03F04,Schroder-HIV-SupT1-inVivo,31283397,6-CUTTER,Schroder-HIV-SupT1-inVivo
81,chr7,158272878,158272878,1,-,insertion,Schroder-HIV-SupT1-inVivo-03F05,Schroder-HIV-SupT1-inVivo,31283447,6-CUTTER,Schroder-HIV-SupT1-inVivo
82,chr8,42931293,42931293,1,+,insertion,Schroder-HIV-SupT1-inVivo-03F07,Schroder-HIV-SupT1-inVivo,31283453,6-CUTTER,Schroder-HIV-SupT1-inVivo
83,chr2,55402327,55402327,1,-,insertion,Schroder-HIV-SupT1-inVivo-03F08,Schroder-HIV-SupT1-inVivo,31283683,6-CUTTER,Schroder-HIV-SupT1-inVivo
84,chr13,20271985,20271985,1,-,insertion,Schroder-HIV-SupT1-inVivo-03F11,Schroder-HIV-SupT1-inVivo,31284461,6-CUTTER,Schroder-HIV-SupT1-inVivo
85,chr10,117371716,117371716,1,+,insertion,Schroder-HIV-SupT1-inVivo-03G01,Schroder-HIV-SupT1-inVivo,31284679,6-CUTTER,Schroder-HIV-SupT1-inVivo
86,chr17,26103366,26103366,1,+,insertion,Schroder-HIV-SupT1-inVivo-03G02,Schroder-HIV-SupT1-inVivo,31284695,6-CUTTER,Schroder-HIV-SupT1-inVivo
87,chr17,4178224,4178224,1,+,insertion,Schroder-HIV-SupT1-inVivo-03G03,Schroder-HIV-SupT1-inVivo,31284700,6-CUTTER,Schroder-HIV-SupT1-inVivo
88,chr22,30322120,30322120,1,-,insertion,Schroder-HIV-SupT1-inVivo-03G07,Schroder-HIV-SupT1-inVivo,31285209,6-CUTTER,Schroder-HIV-SupT1-inVivo
89,chr3,12364514,12364514,1,-,insertion,Schroder-HIV-SupT1-inVivo-03G12,Schroder-HIV-SupT1-inVivo,31285674,6-CUTTER,Schroder-HIV-SupT1-inVivo
90,chr11,67217983,67217983,1,+,insertion,Schroder-HIV-SupT1-inVivo-03H01,Schroder-HIV-SupT1-inVivo,31285678,6-CUTTER,Schroder-HIV-SupT1-inVivo
91,chr5_h2_hap1,851635,851635,1,-,insertion,Schroder-HIV-SupT1-inVivo-03H02,Schroder-HIV-SupT1-inVivo,31285706,6-CUTTER,Schroder-HIV-SupT1-inVivo
92,chr8,145679768,145679768,1,+,insertion,Schroder-HIV-SupT1-inVivo-03H03,Schroder-HIV-SupT1-inVivo,31286436,6-CUTTER,Schroder-HIV-SupT1-inVivo
93,chr19,2739378,2739378,1,+,insertion,Schroder-HIV-SupT1-inVivo-03H04,Schroder-HIV-SupT1-inVivo,31287176,6-CUTTER,Schroder-HIV-SupT1-inVivo
94,chr2,27182761,27182761,1,-,insertion,Schroder-HIV-SupT1-inVivo-03H07,Schroder-HIV-SupT1-inVivo,31287727,6-CUTTER,Schroder-HIV-SupT1-inVivo
95,chr5,90125809,90125809,1,-,insertion,Schroder-HIV-SupT1-inVivo-03H10,Schroder-HIV-SupT1-inVivo,31287734,6-CUTTER,Schroder-HIV-SupT1-inVivo
96,chr17,72265673,72265673,1,+,insertion,Schroder-HIV-SupT1-inVivo-04A02,Schroder-HIV-SupT1-inVivo,31287847,6-CUTTER,Schroder-HIV-SupT1-inVivo
97,chr5,179068532,179068532,1,-,insertion,Schroder-HIV-SupT1-inVivo-04A03,Schroder-HIV-SupT1-inVivo,31288066,6-CUTTER,Schroder-HIV-SupT1-inVivo
98,chr7,115788767,115788767,1,+,insertion,Schroder-HIV-SupT1-inVivo-04A04,Schroder-HIV-SupT1-inVivo,31288167,6-CUTTER,Schroder-HIV-SupT1-inVivo
99,chr17,41530600,41530600,1,+,insertion,Schroder-HIV-SupT1-inVivo-04A06,Schroder-HIV-SupT1-inVivo,31288500,6-CUTTER,Schroder-HIV-SupT1-inVivo
100,chr6,16792408,16792408,1,+,insertion,Schroder-HIV-SupT1-inVivo-04A08,Schroder-HIV-SupT1-inVivo,31288509,6-CUTTER,Schroder-HIV-SupT1-inVivo
101,chr5,126154178,126154178,1,+,insertion,Schroder-HIV-SupT1-inVivo-04A10,Schroder-HIV-SupT1-inVivo,31289043,6-CUTTER,Schroder-HIV-SupT1-inVivo
102,chr9,75744536,75744536,1,+,insertion,Schroder-HIV-SupT1-inVivo-04B01,Schroder-HIV-SupT1-inVivo,31289179,6-CUTTER,Schroder-HIV-SupT1-inVivo
103,chr5,97364087,97364087,1,+,insertion,Schroder-HIV-SupT1-inVivo-04B02,Schroder-HIV-SupT1-inVivo,31289196,6-CUTTER,Schroder-HIV-SupT1-inVivo
104,chr15,98018602,98018602,1,-,insertion,Schroder-HIV-SupT1-inVivo-04B11,Schroder-HIV-SupT1-inVivo,31290515,6-CUTTER,Schroder-HIV-SupT1-inVivo
105,chr7,106676869,106676869,1,+,insertion,Schroder-HIV-SupT1-inVivo-04C01,Schroder-HIV-SupT1-inVivo,31291317,6-CUTTER,Schroder-HIV-SupT1-inVivo
106,chr4,36585,36585,1,-,insertion,Schroder-HIV-SupT1-inVivo-04C04,Schroder-HIV-SupT1-inVivo,31292069,6-CUTTER,Schroder-HIV-SupT1-inVivo
107,chr5,78988983,78988983,1,+,insertion,Schroder-HIV-SupT1-inVivo-04C05,Schroder-HIV-SupT1-inVivo,31292105,6-CUTTER,Schroder-HIV-SupT1-inVivo
108,chr15,39533482,39533482,1,-,insertion,Schroder-HIV-SupT1-inVivo-04C08,Schroder-HIV-SupT1-inVivo,31293103,6-CUTTER,Schroder-HIV-SupT1-inVivo
109,chr15,63099239,63099239,1,+,insertion,Schroder-HIV-SupT1-inVivo-04C10,Schroder-HIV-SupT1-inVivo,31293353,6-CUTTER,Schroder-HIV-SupT1-inVivo
110,chr3,57978711,57978711,1,+,insertion,Schroder-HIV-SupT1-inVivo-04C11,Schroder-HIV-SupT1-inVivo,31293364,6-CUTTER,Schroder-HIV-SupT1-inVivo
111,chr1,10240552,10240552,1,-,insertion,Schroder-HIV-SupT1-inVivo-04D02,Schroder-HIV-SupT1-inVivo,31293898,6-CUTTER,Schroder-HIV-SupT1-inVivo
112,chr6,26289743,26289743,1,+,insertion,Schroder-HIV-SupT1-inVivo-04D04,Schroder-HIV-SupT1-inVivo,31294172,6-CUTTER,Schroder-HIV-SupT1-inVivo
113,chr16,67847453,67847453,1,+,insertion,Schroder-HIV-SupT1-inVivo-04D07,Schroder-HIV-SupT1-inVivo,31294928,6-CUTTER,Schroder-HIV-SupT1-inVivo
114,chr16,13192737,13192737,1,-,insertion,Schroder-HIV-SupT1-inVivo-04D12,Schroder-HIV-SupT1-inVivo,31295227,6-CUTTER,Schroder-HIV-SupT1-inVivo
115,chr5,132072228,132072228,1,-,insertion,Schroder-HIV-SupT1-inVivo-04E01,Schroder-HIV-SupT1-inVivo,31295234,6-CUTTER,Schroder-HIV-SupT1-inVivo
116,chr22,18466043,18466043,1,-,insertion,Schroder-HIV-SupT1-inVivo-04E10,Schroder-HIV-SupT1-inVivo,31296435,6-CUTTER,Schroder-HIV-SupT1-inVivo
117,chr3,130376261,130376261,1,-,insertion,Schroder-HIV-SupT1-inVivo-04F07,Schroder-HIV-SupT1-inVivo,31298049,6-CUTTER,Schroder-HIV-SupT1-inVivo
118,chr17,54520934,54520934,1,+,insertion,Schroder-HIV-SupT1-inVivo-04F11,Schroder-HIV-SupT1-inVivo,31298497,6-CUTTER,Schroder-HIV-SupT1-inVivo
119,chr17,3671029,3671029,1,+,insertion,Schroder-HIV-SupT1-inVivo-04G03,Schroder-HIV-SupT1-inVivo,31298783,6-CUTTER,Schroder-HIV-SupT1-inVivo
120,chr15,65803565,65803565,1,+,insertion,Schroder-HIV-SupT1-inVivo-04G04,Schroder-HIV-SupT1-inVivo,31299178,6-CUTTER,Schroder-HIV-SupT1-inVivo
121,chr4,104304901,104304901,1,+,insertion,Schroder-HIV-SupT1-inVivo-04G07,Schroder-HIV-SupT1-inVivo,31299405,6-CUTTER,Schroder-HIV-SupT1-inVivo
122,chr6,42061968,42061968,1,+,insertion,Schroder-HIV-SupT1-inVivo-04H01,Schroder-HIV-SupT1-inVivo,31299945,6-CUTTER,Schroder-HIV-SupT1-inVivo
123,chr22,19224674,19224674,1,+,insertion,Schroder-HIV-SupT1-inVivo-04H02,Schroder-HIV-SupT1-inVivo,31300150,6-CUTTER,Schroder-HIV-SupT1-inVivo
124,chr16,68413793,68413793,1,-,insertion,Schroder-HIV-SupT1-inVivo-04H03,Schroder-HIV-SupT1-inVivo,31300897,6-CUTTER,Schroder-HIV-SupT1-inVivo
125,chr14,96101606,96101606,1,-,insertion,Schroder-HIV-SupT1-inVivo-04H07,Schroder-HIV-SupT1-inVivo,31301638,6-CUTTER,Schroder-HIV-SupT1-inVivo
126,chrX,133809134,133809134,1,+,insertion,Schroder-HIV-SupT1-inVivo-05A03,Schroder-HIV-SupT1-inVivo,31303016,6-CUTTER,Schroder-HIV-SupT1-inVivo
127,chr4,38569860,38569860,1,-,insertion,Schroder-HIV-SupT1-inVivo-05A04,Schroder-HIV-SupT1-inVivo,31303019,6-CUTTER,Schroder-HIV-SupT1-inVivo
128,chr1,233956663,233956663,1,-,insertion,Schroder-HIV-SupT1-inVivo-05A06,Schroder-HIV-SupT1-inVivo,31303041,6-CUTTER,Schroder-HIV-SupT1-inVivo
129,chr7,156845642,156845642,1,-,insertion,Schroder-HIV-SupT1-inVivo-05A07,Schroder-HIV-SupT1-inVivo,31303257,6-CUTTER,Schroder-HIV-SupT1-inVivo
130,chr1,197640345,197640345,1,+,insertion,Schroder-HIV-SupT1-inVivo-05A12,Schroder-HIV-SupT1-inVivo,31303741,6-CUTTER,Schroder-HIV-SupT1-inVivo
131,chr11,32656696,32656696,1,-,insertion,Schroder-HIV-SupT1-inVivo-05B01,Schroder-HIV-SupT1-inVivo,31304174,6-CUTTER,Schroder-HIV-SupT1-inVivo
132,chr13,94079309,94079309,1,-,insertion,Schroder-HIV-SupT1-inVivo-05B02,Schroder-HIV-SupT1-inVivo,31304472,6-CUTTER,Schroder-HIV-SupT1-inVivo
133,chr1,12356464,12356464,1,+,insertion,Schroder-HIV-SupT1-inVivo-05B07,Schroder-HIV-SupT1-inVivo,31304574,6-CUTTER,Schroder-HIV-SupT1-inVivo
134,chr12,49381360,49381360,1,-,insertion,Schroder-HIV-SupT1-inVivo-05B08,Schroder-HIV-SupT1-inVivo,31304834,6-CUTTER,Schroder-HIV-SupT1-inVivo
135,chr17,78156455,78156455,1,+,insertion,Schroder-HIV-SupT1-inVivo-05C02,Schroder-HIV-SupT1-inVivo,31306500,6-CUTTER,Schroder-HIV-SupT1-inVivo
136,chr12,87029879,87029879,1,-,insertion,Schroder-HIV-SupT1-inVivo-05C05,Schroder-HIV-SupT1-inVivo,31306971,6-CUTTER,Schroder-HIV-SupT1-inVivo
137,chr12,88492590,88492590,1,-,insertion,Schroder-HIV-SupT1-inVivo-05C06,Schroder-HIV-SupT1-inVivo,31307012,6-CUTTER,Schroder-HIV-SupT1-inVivo
138,chr4,162334765,162334765,1,-,insertion,Schroder-HIV-SupT1-inVivo-05C09,Schroder-HIV-SupT1-inVivo,31307498,6-CUTTER,Schroder-HIV-SupT1-inVivo
139,chr16,14124492,14124492,1,+,insertion,Schroder-HIV-SupT1-inVivo-05C11,Schroder-HIV-SupT1-inVivo,31307591,6-CUTTER,Schroder-HIV-SupT1-inVivo
140,chr17,51698850,51698850,1,+,insertion,Schroder-HIV-SupT1-inVivo-05D02,Schroder-HIV-SupT1-inVivo,31307999,6-CUTTER,Schroder-HIV-SupT1-inVivo
141,chr3,128323472,128323472,1,-,insertion,Schroder-HIV-SupT1-inVivo-05D11,Schroder-HIV-SupT1-inVivo,31308537,6-CUTTER,Schroder-HIV-SupT1-inVivo
142,chr14,57849829,57849829,1,-,insertion,Schroder-HIV-SupT1-inVivo-05D12,Schroder-HIV-SupT1-inVivo,31308711,6-CUTTER,Schroder-HIV-SupT1-inVivo
143,chr7,142003419,142003419,1,+,insertion,Schroder-HIV-SupT1-inVivo-05E01,Schroder-HIV-SupT1-inVivo,31309536,6-CUTTER,Schroder-HIV-SupT1-inVivo
144,chr16,86583432,86583432,1,+,insertion,Schroder-HIV-SupT1-inVivo-05E02,Schroder-HIV-SupT1-inVivo,31309659,6-CUTTER,Schroder-HIV-SupT1-inVivo
145,chr19,49298251,49298251,1,+,insertion,Schroder-HIV-SupT1-inVivo-05E03,Schroder-HIV-SupT1-inVivo,31309671,6-CUTTER,Schroder-HIV-SupT1-inVivo
146,chr12,25676034,25676034,1,-,insertion,Schroder-HIV-SupT1-inVivo-05E10,Schroder-HIV-SupT1-inVivo,31310369,6-CUTTER,Schroder-HIV-SupT1-inVivo
147,chr6,34751588,34751588,1,+,insertion,Schroder-HIV-SupT1-inVivo-05F02,Schroder-HIV-SupT1-inVivo,31311803,6-CUTTER,Schroder-HIV-SupT1-inVivo
148,chr7,16631666,16631666,1,+,insertion,Schroder-HIV-SupT1-inVivo-05F05,Schroder-HIV-SupT1-inVivo,31312397,6-CUTTER,Schroder-HIV-SupT1-inVivo
149,chr9,131869936,131869936,1,+,insertion,Schroder-HIV-SupT1-inVivo-05F07,Schroder-HIV-SupT1-inVivo,31313057,6-CUTTER,Schroder-HIV-SupT1-inVivo
150,chr12,45109120,45109120,1,+,insertion,Schroder-HIV-SupT1-inVivo-05F12,Schroder-HIV-SupT1-inVivo,31313659,6-CUTTER,Schroder-HIV-SupT1-inVivo
151,chr20,43116127,43116127,1,-,insertion,Schroder-HIV-SupT1-inVivo-05G06,Schroder-HIV-SupT1-inVivo,31314451,6-CUTTER,Schroder-HIV-SupT1-inVivo
152,chr17,4139658,4139658,1,-,insertion,Schroder-HIV-SupT1-inVivo-05G07,Schroder-HIV-SupT1-inVivo,31314483,6-CUTTER,Schroder-HIV-SupT1-inVivo
153,chr1,234030985,234030985,1,-,insertion,Schroder-HIV-SupT1-inVivo-05G11,Schroder-HIV-SupT1-inVivo,31314539,6-CUTTER,Schroder-HIV-SupT1-inVivo
154,chr7,155205460,155205460,1,+,insertion,Schroder-HIV-SupT1-inVivo-05H01,Schroder-HIV-SupT1-inVivo,31315080,6-CUTTER,Schroder-HIV-SupT1-inVivo
155,chr16,65789250,65789250,1,-,insertion,Schroder-HIV-SupT1-inVivo-05H03,Schroder-HIV-SupT1-inVivo,31315088,6-CUTTER,Schroder-HIV-SupT1-inVivo
156,chr12,6982685,6982685,1,-,insertion,Schroder-HIV-SupT1-inVivo-05H09,Schroder-HIV-SupT1-inVivo,31315422,6-CUTTER,Schroder-HIV-SupT1-inVivo
157,chr3,47510155,47510155,1,+,insertion,Schroder-HIV-SupT1-inVivo-05H10,Schroder-HIV-SupT1-inVivo,31315758,6-CUTTER,Schroder-HIV-SupT1-inVivo
158,chr19,5896038,5896038,1,+,insertion,Schroder-HIV-SupT1-inVivo-06A01,Schroder-HIV-SupT1-inVivo,31315859,6-CUTTER,Schroder-HIV-SupT1-inVivo
159,chr11,36593544,36593544,1,-,insertion,Schroder-HIV-SupT1-inVivo-06A04,Schroder-HIV-SupT1-inVivo,31316010,6-CUTTER,Schroder-HIV-SupT1-inVivo
160,chr8,124365997,124365997,1,+,insertion,Schroder-HIV-SupT1-inVivo-06A08,Schroder-HIV-SupT1-inVivo,31316746,6-CUTTER,Schroder-HIV-SupT1-inVivo
161,chr16,2879588,2879588,1,+,insertion,Schroder-HIV-SupT1-inVivo-06B01,Schroder-HIV-SupT1-inVivo,31316776,6-CUTTER,Schroder-HIV-SupT1-inVivo
162,chr11,60503242,60503242,1,-,insertion,Schroder-HIV-SupT1-inVivo-06B02,Schroder-HIV-SupT1-inVivo,31316826,6-CUTTER,Schroder-HIV-SupT1-inVivo
163,chr20,42069463,42069463,1,+,insertion,Schroder-HIV-SupT1-inVivo-06B08,Schroder-HIV-SupT1-inVivo,31317595,6-CUTTER,Schroder-HIV-SupT1-inVivo
164,chr16,65622828,65622828,1,+,insertion,Schroder-HIV-SupT1-inVivo-06B12,Schroder-HIV-SupT1-inVivo,31318363,6-CUTTER,Schroder-HIV-SupT1-inVivo
165,chr20,61821456,61821456,1,+,insertion,Schroder-HIV-SupT1-inVivo-06C08,Schroder-HIV-SupT1-inVivo,31319158,6-CUTTER,Schroder-HIV-SupT1-inVivo
166,chr1,8596693,8596693,1,-,insertion,Schroder-HIV-SupT1-inVivo-06H10,Schroder-HIV-SupT1-inVivo,31321531,6-CUTTER,Schroder-HIV-SupT1-inVivo
167,chr3,47718035,47718035,1,-,insertion,Schroder-HIV-SupT1-inVivo-06H12,Schroder-HIV-SupT1-inVivo,31322152,6-CUTTER,Schroder-HIV-SupT1-inVivo
168,chr5,274391,274391,1,+,insertion,Schroder-HIV-SupT1-inVivo-07A04,Schroder-HIV-SupT1-inVivo,31322166,6-CUTTER,Schroder-HIV-SupT1-inVivo
169,chr16,18791439,18791439,1,-,insertion,Schroder-HIV-SupT1-inVivo-07B01,Schroder-HIV-SupT1-inVivo,31322172,6-CUTTER,Schroder-HIV-SupT1-inVivo
170,chr4,101894337,101894337,1,+,insertion,Schroder-HIV-SupT1-inVivo-07C11,Schroder-HIV-SupT1-inVivo,31323015,6-CUTTER,Schroder-HIV-SupT1-inVivo
171,chrX,153945311,153945311,1,-,insertion,Schroder-HIV-SupT1-inVivo-07H05,Schroder-HIV-SupT1-inVivo,31323918,6-CUTTER,Schroder-HIV-SupT1-inVivo
172,chr19,41838632,41838632,1,-,insertion,Schroder-HIV-SupT1-inVivo-08A02,Schroder-HIV-SupT1-inVivo,31324221,6-CUTTER,Schroder-HIV-SupT1-inVivo
173,chr20,3895701,3895701,1,+,insertion,Schroder-HIV-SupT1-inVivo-08A05,Schroder-HIV-SupT1-inVivo,31324453,6-CUTTER,Schroder-HIV-SupT1-inVivo
174,chr12,119801206,119801206,1,-,insertion,Schroder-HIV-SupT1-inVivo-08A08,Schroder-HIV-SupT1-inVivo,31324645,6-CUTTER,Schroder-HIV-SupT1-inVivo
175,chr12,119139196,119139196,1,+,insertion,Schroder-HIV-SupT1-inVivo-08B01,Schroder-HIV-SupT1-inVivo,31324937,6-CUTTER,Schroder-HIV-SupT1-inVivo
176,chr1,36476685,36476685,1,+,insertion,Schroder-HIV-SupT1-inVivo-08B11,Schroder-HIV-SupT1-inVivo,31326362,6-CUTTER,Schroder-HIV-SupT1-inVivo
177,chr11,60407396,60407396,1,+,insertion,Schroder-HIV-SupT1-inVivo-08C01,Schroder-HIV-SupT1-inVivo,31326796,6-CUTTER,Schroder-HIV-SupT1-inVivo
178,chr5,147771231,147771231,1,-,insertion,Schroder-HIV-SupT1-inVivo-08C03,Schroder-HIV-SupT1-inVivo,31327189,6-CUTTER,Schroder-HIV-SupT1-inVivo
179,chr5,176987622,176987622,1,-,insertion,Schroder-HIV-SupT1-inVivo-08C04,Schroder-HIV-SupT1-inVivo,31327418,6-CUTTER,Schroder-HIV-SupT1-inVivo
180,chr12,78827229,78827229,1,+,insertion,Schroder-HIV-SupT1-inVivo-08C12,Schroder-HIV-SupT1-inVivo,31327746,6-CUTTER,Schroder-HIV-SupT1-inVivo
181,chr17,78389981,78389981,1,-,insertion,Schroder-HIV-SupT1-inVivo-08D03,Schroder-HIV-SupT1-inVivo,31328437,6-CUTTER,Schroder-HIV-SupT1-inVivo
182,chr15,57091990,57091990,1,+,insertion,Schroder-HIV-SupT1-inVivo-08D08,Schroder-HIV-SupT1-inVivo,31328561,6-CUTTER,Schroder-HIV-SupT1-inVivo
183,chr2,223473929,223473929,1,-,insertion,Schroder-HIV-SupT1-inVivo-08E04,Schroder-HIV-SupT1-inVivo,31328848,6-CUTTER,Schroder-HIV-SupT1-inVivo
184,chr7,99766338,99766338,1,-,insertion,Schroder-HIV-SupT1-inVivo-08E07,Schroder-HIV-SupT1-inVivo,31328866,6-CUTTER,Schroder-HIV-SupT1-inVivo
185,chr8,144808474,144808474,1,-,insertion,Schroder-HIV-SupT1-inVivo-08F06,Schroder-HIV-SupT1-inVivo,31329429,6-CUTTER,Schroder-HIV-SupT1-inVivo
186,chr2,214312415,214312415,1,+,insertion,Schroder-HIV-SupT1-inVivo-08F08,Schroder-HIV-SupT1-inVivo,31329548,6-CUTTER,Schroder-HIV-SupT1-inVivo
187,chr14,53183391,53183391,1,+,insertion,Schroder-HIV-SupT1-inVivo-08F12,Schroder-HIV-SupT1-inVivo,31330126,6-CUTTER,Schroder-HIV-SupT1-inVivo
188,chr7,130751420,130751420,1,+,insertion,Schroder-HIV-SupT1-inVivo-08G01,Schroder-HIV-SupT1-inVivo,31330144,6-CUTTER,Schroder-HIV-SupT1-inVivo
189,chr1,195834742,195834742,1,-,insertion,Schroder-HIV-SupT1-inVivo-08G07,Schroder-HIV-SupT1-inVivo,31330356,6-CUTTER,Schroder-HIV-SupT1-inVivo
190,chr19,55588749,55588749,1,-,insertion,Schroder-HIV-SupT1-inVivo-08H03,Schroder-HIV-SupT1-inVivo,31331412,6-CUTTER,Schroder-HIV-SupT1-inVivo
191,chr12,44475238,44475238,1,-,insertion,Schroder-HIV-SupT1-inVivo-08H06,Schroder-HIV-SupT1-inVivo,31331417,6-CUTTER,Schroder-HIV-SupT1-inVivo
192,chr12,105953682,105953682,1,-,insertion,Schroder-HIV-SupT1-inVivo-08H08,Schroder-HIV-SupT1-inVivo,31331438,6-CUTTER,Schroder-HIV-SupT1-inVivo
193,chr12,104086668,104086668,1,-,insertion,Schroder-HIV-SupT1-inVivo-08H10,Schroder-HIV-SupT1-inVivo,31331917,6-CUTTER,Schroder-HIV-SupT1-inVivo
194,chr1,152109972,152109972,1,+,insertion,Schroder-HIV-SupT1-inVivo-08H12,Schroder-HIV-SupT1-inVivo,31331974,6-CUTTER,Schroder-HIV-SupT1-inVivo
195,chr21,46917434,46917434,1,-,insertion,Schroder-HIV-SupT1-inVivo-09B02,Schroder-HIV-SupT1-inVivo,31332992,6-CUTTER,Schroder-HIV-SupT1-inVivo
196,chr1,109328102,109328102,1,-,insertion,Schroder-HIV-SupT1-inVivo-09C10,Schroder-HIV-SupT1-inVivo,31335227,6-CUTTER,Schroder-HIV-SupT1-inVivo
197,chr2,190409035,190409035,1,+,insertion,Schroder-HIV-SupT1-inVivo-09D01,Schroder-HIV-SupT1-inVivo,31335247,6-CUTTER,Schroder-HIV-SupT1-inVivo
198,chrX,47675555,47675555,1,-,insertion,Schroder-HIV-SupT1-inVivo-09D03,Schroder-HIV-SupT1-inVivo,31335251,6-CUTTER,Schroder-HIV-SupT1-inVivo
199,chr5,54711888,54711888,1,-,insertion,Schroder-HIV-SupT1-inVivo-09D06,Schroder-HIV-SupT1-inVivo,31335497,6-CUTTER,Schroder-HIV-SupT1-inVivo
200,chr1,32551319,32551319,1,+,insertion,Schroder-HIV-SupT1-inVivo-09D08,Schroder-HIV-SupT1-inVivo,31336509,6-CUTTER,Schroder-HIV-SupT1-inVivo
201,chr17,32889081,32889081,1,-,insertion,Schroder-HIV-SupT1-inVivo-09D10,Schroder-HIV-SupT1-inVivo,31336750,6-CUTTER,Schroder-HIV-SupT1-inVivo
202,chr11,32943292,32943292,1,+,insertion,Schroder-HIV-SupT1-inVivo-09D11,Schroder-HIV-SupT1-inVivo,31337013,6-CUTTER,Schroder-HIV-SupT1-inVivo
203,chr12,31171134,31171134,1,+,insertion,Schroder-HIV-SupT1-inVivo-09E03,Schroder-HIV-SupT1-inVivo,31337582,6-CUTTER,Schroder-HIV-SupT1-inVivo
204,chr7,158302112,158302112,1,-,insertion,Schroder-HIV-SupT1-inVivo-09E04,Schroder-HIV-SupT1-inVivo,31337783,6-CUTTER,Schroder-HIV-SupT1-inVivo
205,chr16,55315203,55315203,1,+,insertion,Schroder-HIV-SupT1-inVivo-09F04,Schroder-HIV-SupT1-inVivo,31337790,6-CUTTER,Schroder-HIV-SupT1-inVivo
206,chr10,3780202,3780202,1,-,insertion,Schroder-HIV-SupT1-inVivo-09G01,Schroder-HIV-SupT1-inVivo,31338040,6-CUTTER,Schroder-HIV-SupT1-inVivo
207,chr1,46333314,46333314,1,+,insertion,Schroder-HIV-SupT1-inVivo-09G04,Schroder-HIV-SupT1-inVivo,31338083,6-CUTTER,Schroder-HIV-SupT1-inVivo
208,chr4,95624163,95624163,1,+,insertion,Schroder-HIV-SupT1-inVivo-09H03,Schroder-HIV-SupT1-inVivo,31339039,6-CUTTER,Schroder-HIV-SupT1-inVivo
209,chr1,53286139,53286139,1,-,insertion,Schroder-HIV-SupT1-inVivo-09H12,Schroder-HIV-SupT1-inVivo,31340192,6-CUTTER,Schroder-HIV-SupT1-inVivo
210,chr6,83944168,83944168,1,+,insertion,Schroder-HIV-SupT1-inVivo-10A04,Schroder-HIV-SupT1-inVivo,31340701,6-CUTTER,Schroder-HIV-SupT1-inVivo
211,chr12,91032478,91032478,1,-,insertion,Schroder-HIV-SupT1-inVivo-10A10,Schroder-HIV-SupT1-inVivo,31340755,6-CUTTER,Schroder-HIV-SupT1-inVivo
212,chrX,123056441,123056441,1,+,insertion,Schroder-HIV-SupT1-inVivo-10B03,Schroder-HIV-SupT1-inVivo,31341310,6-CUTTER,Schroder-HIV-SupT1-inVivo
213,chr2,55454289,55454289,1,-,insertion,Schroder-HIV-SupT1-inVivo-10B04,Schroder-HIV-SupT1-inVivo,31341425,6-CUTTER,Schroder-HIV-SupT1-inVivo
214,chrX,152985634,152985634,1,+,insertion,Schroder-HIV-SupT1-inVivo-10B08,Schroder-HIV-SupT1-inVivo,31341834,6-CUTTER,Schroder-HIV-SupT1-inVivo
215,chr16,87293436,87293436,1,+,insertion,Schroder-HIV-SupT1-inVivo-10B09,Schroder-HIV-SupT1-inVivo,31341907,6-CUTTER,Schroder-HIV-SupT1-inVivo
216,chr4,48087719,48087719,1,-,insertion,Schroder-HIV-SupT1-inVivo-10C03,Schroder-HIV-SupT1-inVivo,31341926,6-CUTTER,Schroder-HIV-SupT1-inVivo
217,chr19,58727117,58727117,1,+,insertion,Schroder-HIV-SupT1-inVivo-10C04,Schroder-HIV-SupT1-inVivo,31341927,6-CUTTER,Schroder-HIV-SupT1-inVivo
218,chr7,134779000,134779000,1,-,insertion,Schroder-HIV-SupT1-inVivo-10C05,Schroder-HIV-SupT1-inVivo,31341931,6-CUTTER,Schroder-HIV-SupT1-inVivo
219,chr7,99717057,99717057,1,+,insertion,Schroder-HIV-SupT1-inVivo-10C10,Schroder-HIV-SupT1-inVivo,31342085,6-CUTTER,Schroder-HIV-SupT1-inVivo
220,chr19,41262024,41262024,1,-,insertion,Schroder-HIV-SupT1-inVivo-10D02,Schroder-HIV-SupT1-inVivo,31342664,6-CUTTER,Schroder-HIV-SupT1-inVivo
221,chr2,185772841,185772841,1,+,insertion,Schroder-HIV-SupT1-inVivo-10D04,Schroder-HIV-SupT1-inVivo,31342671,6-CUTTER,Schroder-HIV-SupT1-inVivo
222,chr4,174496260,174496260,1,-,insertion,Schroder-HIV-SupT1-inVivo-10D08,Schroder-HIV-SupT1-inVivo,31342698,6-CUTTER,Schroder-HIV-SupT1-inVivo
223,chr19,15302228,15302228,1,-,insertion,Schroder-HIV-SupT1-inVivo-10D09,Schroder-HIV-SupT1-inVivo,31342705,6-CUTTER,Schroder-HIV-SupT1-inVivo
224,chr8,12653653,12653653,1,+,insertion,Schroder-HIV-SupT1-inVivo-10D11,Schroder-HIV-SupT1-inVivo,31342714,6-CUTTER,Schroder-HIV-SupT1-inVivo
225,chr2,127778378,127778378,1,+,insertion,Schroder-HIV-SupT1-inVivo-10E02,Schroder-HIV-SupT1-inVivo,31342718,6-CUTTER,Schroder-HIV-SupT1-inVivo
226,chr17,35642199,35642199,1,-,insertion,Schroder-HIV-SupT1-inVivo-10E03,Schroder-HIV-SupT1-inVivo,31343004,6-CUTTER,Schroder-HIV-SupT1-inVivo
227,chr3,32721694,32721694,1,+,insertion,Schroder-HIV-SupT1-inVivo-10E04,Schroder-HIV-SupT1-inVivo,31343292,6-CUTTER,Schroder-HIV-SupT1-inVivo
228,chr5,123389946,123389946,1,-,insertion,Schroder-HIV-SupT1-inVivo-10E12,Schroder-HIV-SupT1-inVivo,31343330,6-CUTTER,Schroder-HIV-SupT1-inVivo
229,chr1,196318078,196318078,1,-,insertion,Schroder-HIV-SupT1-inVivo-10F03,Schroder-HIV-SupT1-inVivo,31343335,6-CUTTER,Schroder-HIV-SupT1-inVivo
230,chr15,100093148,100093148,1,+,insertion,Schroder-HIV-SupT1-inVivo-10F04,Schroder-HIV-SupT1-inVivo,31343352,6-CUTTER,Schroder-HIV-SupT1-inVivo
231,chr11,67218525,67218525,1,-,insertion,Schroder-HIV-SupT1-inVivo-10F05,Schroder-HIV-SupT1-inVivo,31343387,6-CUTTER,Schroder-HIV-SupT1-inVivo
232,chr8,144807130,144807130,1,+,insertion,Schroder-HIV-SupT1-inVivo-10F08,Schroder-HIV-SupT1-inVivo,31343392,6-CUTTER,Schroder-HIV-SupT1-inVivo
233,chr6,5455879,5455879,1,+,insertion,Schroder-HIV-SupT1-inVivo-10F10,Schroder-HIV-SupT1-inVivo,31343400,6-CUTTER,Schroder-HIV-SupT1-inVivo
234,chr16,21884278,21884278,1,-,insertion,Schroder-HIV-SupT1-inVivo-10F11,Schroder-HIV-SupT1-inVivo,31343408,6-CUTTER,Schroder-HIV-SupT1-inVivo
235,chr4,2207451,2207451,1,+,insertion,Schroder-HIV-SupT1-inVivo-10F12,Schroder-HIV-SupT1-inVivo,31343418,6-CUTTER,Schroder-HIV-SupT1-inVivo
236,chr6,42860493,42860493,1,-,insertion,Schroder-HIV-SupT1-inVivo-10G02,Schroder-HIV-SupT1-inVivo,31343424,6-CUTTER,Schroder-HIV-SupT1-inVivo
237,chr15,46233276,46233276,1,-,insertion,Schroder-HIV-SupT1-inVivo-10G03,Schroder-HIV-SupT1-inVivo,31343429,6-CUTTER,Schroder-HIV-SupT1-inVivo
238,chr2,227419255,227419255,1,+,insertion,Schroder-HIV-SupT1-inVivo-10G04,Schroder-HIV-SupT1-inVivo,31343547,6-CUTTER,Schroder-HIV-SupT1-inVivo
239,chr3,52616639,52616639,1,+,insertion,Schroder-HIV-SupT1-inVivo-10G05,Schroder-HIV-SupT1-inVivo,31343905,6-CUTTER,Schroder-HIV-SupT1-inVivo
240,chr11,108134983,108134983,1,+,insertion,Schroder-HIV-SupT1-inVivo-10G09,Schroder-HIV-SupT1-inVivo,31343915,6-CUTTER,Schroder-HIV-SupT1-inVivo
241,chr22,18313801,18313801,1,-,insertion,Schroder-HIV-SupT1-inVivo-10G12,Schroder-HIV-SupT1-inVivo,31343963,6-CUTTER,Schroder-HIV-SupT1-inVivo
242,chr11,127787889,127787889,1,+,insertion,Schroder-HIV-SupT1-inVivo-10H01,Schroder-HIV-SupT1-inVivo,31343970,6-CUTTER,Schroder-HIV-SupT1-inVivo
243,chr5,7010816,7010816,1,+,insertion,Schroder-HIV-SupT1-inVivo-10H04,Schroder-HIV-SupT1-inVivo,31344037,6-CUTTER,Schroder-HIV-SupT1-inVivo
244,chr19,10145129,10145129,1,-,insertion,Schroder-HIV-SupT1-inVivo-10H08,Schroder-HIV-SupT1-inVivo,31344194,6-CUTTER,Schroder-HIV-SupT1-inVivo
245,chr2,25926609,25926609,1,+,insertion,Schroder-HIV-SupT1-inVivo-10H09,Schroder-HIV-SupT1-inVivo,31344198,6-CUTTER,Schroder-HIV-SupT1-inVivo
246,chr5,90774404,90774404,1,-,insertion,Schroder-HIV-SupT1-inVivo-10H10,Schroder-HIV-SupT1-inVivo,31344209,6-CUTTER,Schroder-HIV-SupT1-inVivo
247,chr9,111252081,111252081,1,+,insertion,Schroder-HIV-SupT1-inVivo-10H11,Schroder-HIV-SupT1-inVivo,31344217,6-CUTTER,Schroder-HIV-SupT1-inVivo
248,chr22,30371574,30371574,1,-,insertion,Schroder-HIV-SupT1-inVivo-10H12,Schroder-HIV-SupT1-inVivo,31344239,6-CUTTER,Schroder-HIV-SupT1-inVivo
249,chr2,55462222,55462222,1,+,insertion,Schroder-HIV-SupT1-inVivo-11A02,Schroder-HIV-SupT1-inVivo,31344358,6-CUTTER,Schroder-HIV-SupT1-inVivo
250,chr16,66312121,66312121,1,-,insertion,Schroder-HIV-SupT1-inVivo-11A08,Schroder-HIV-SupT1-inVivo,31344680,6-CUTTER,Schroder-HIV-SupT1-inVivo
251,chr16,9100776,9100776,1,+,insertion,Schroder-HIV-SupT1-inVivo-11A09,Schroder-HIV-SupT1-inVivo,31344703,6-CUTTER,Schroder-HIV-SupT1-inVivo
252,chr17,56303570,56303570,1,+,insertion,Schroder-HIV-SupT1-inVivo-11A11,Schroder-HIV-SupT1-inVivo,31344745,6-CUTTER,Schroder-HIV-SupT1-inVivo
253,chr22,31446250,31446250,1,+,insertion,Schroder-HIV-SupT1-inVivo-11B03,Schroder-HIV-SupT1-inVivo,31344764,6-CUTTER,Schroder-HIV-SupT1-inVivo
254,chr7,104758822,104758822,1,-,insertion,Schroder-HIV-SupT1-inVivo-11B04,Schroder-HIV-SupT1-inVivo,31345287,6-CUTTER,Schroder-HIV-SupT1-inVivo
255,chr15,63821262,63821262,1,+,insertion,Schroder-HIV-SupT1-inVivo-11C02,Schroder-HIV-SupT1-inVivo,31346229,6-CUTTER,Schroder-HIV-SupT1-inVivo
256,chr7,49569160,49569160,1,+,insertion,Schroder-HIV-SupT1-inVivo-11C05,Schroder-HIV-SupT1-inVivo,31346308,6-CUTTER,Schroder-HIV-SupT1-inVivo
257,chrX,123007837,123007837,1,-,insertion,Schroder-HIV-SupT1-inVivo-11C08,Schroder-HIV-SupT1-inVivo,31346855,6-CUTTER,Schroder-HIV-SupT1-inVivo
258,chr9,3314823,3314823,1,-,insertion,Schroder-HIV-SupT1-inVivo-11C10,Schroder-HIV-SupT1-inVivo,31346906,6-CUTTER,Schroder-HIV-SupT1-inVivo
259,chr12,60248054,60248054,1,+,insertion,Schroder-HIV-SupT1-inVivo-11C11,Schroder-HIV-SupT1-inVivo,31346955,6-CUTTER,Schroder-HIV-SupT1-inVivo
260,chr16,21839001,21839001,1,-,insertion,Schroder-HIV-SupT1-inVivo-11D02,Schroder-HIV-SupT1-inVivo,31347019,6-CUTTER,Schroder-HIV-SupT1-inVivo
261,chr2,168995820,168995820,1,+,insertion,Schroder-HIV-SupT1-inVivo-11D03,Schroder-HIV-SupT1-inVivo,31347029,6-CUTTER,Schroder-HIV-SupT1-inVivo
262,chr4,109627244,109627244,1,+,insertion,Schroder-HIV-SupT1-inVivo-11D05,Schroder-HIV-SupT1-inVivo,31347039,6-CUTTER,Schroder-HIV-SupT1-inVivo
263,chr1,166299657,166299657,1,-,insertion,Schroder-HIV-SupT1-inVivo-11D08,Schroder-HIV-SupT1-inVivo,31347051,6-CUTTER,Schroder-HIV-SupT1-inVivo
264,chr5,162834008,162834008,1,-,insertion,Schroder-HIV-SupT1-inVivo-11D09,Schroder-HIV-SupT1-inVivo,31347052,6-CUTTER,Schroder-HIV-SupT1-inVivo
265,chr1,210446786,210446786,1,-,insertion,Schroder-HIV-SupT1-inVivo-11D11,Schroder-HIV-SupT1-inVivo,31347400,6-CUTTER,Schroder-HIV-SupT1-inVivo
266,chr20,42262656,42262656,1,-,insertion,Schroder-HIV-SupT1-inVivo-11D12,Schroder-HIV-SupT1-inVivo,31347809,6-CUTTER,Schroder-HIV-SupT1-inVivo
267,chr21,25173112,25173112,1,+,insertion,Schroder-HIV-SupT1-inVivo-11E02,Schroder-HIV-SupT1-inVivo,31347916,6-CUTTER,Schroder-HIV-SupT1-inVivo
268,chr14,56755240,56755240,1,-,insertion,Schroder-HIV-SupT1-inVivo-11E03,Schroder-HIV-SupT1-inVivo,31348015,6-CUTTER,Schroder-HIV-SupT1-inVivo
269,chr19,11565532,11565532,1,+,insertion,Schroder-HIV-SupT1-inVivo-11E10,Schroder-HIV-SupT1-inVivo,31348966,6-CUTTER,Schroder-HIV-SupT1-inVivo
270,chr13,97516630,97516630,1,+,insertion,Schroder-HIV-SupT1-inVivo-11E12,Schroder-HIV-SupT1-inVivo,31349794,6-CUTTER,Schroder-HIV-SupT1-inVivo
271,chr8,87629711,87629711,1,-,insertion,Schroder-HIV-SupT1-inVivo-11F01,Schroder-HIV-SupT1-inVivo,31349984,6-CUTTER,Schroder-HIV-SupT1-inVivo
272,chr8,101343588,101343588,1,-,insertion,Schroder-HIV-SupT1-inVivo-11F02,Schroder-HIV-SupT1-inVivo,31349989,6-CUTTER,Schroder-HIV-SupT1-inVivo
273,chr8,101797641,101797641,1,-,insertion,Schroder-HIV-SupT1-inVivo-11F03,Schroder-HIV-SupT1-inVivo,31350075,6-CUTTER,Schroder-HIV-SupT1-inVivo
274,chr2,186671401,186671401,1,+,insertion,Schroder-HIV-SupT1-inVivo-11F05,Schroder-HIV-SupT1-inVivo,31350832,6-CUTTER,Schroder-HIV-SupT1-inVivo
275,chr19,52835267,52835267,1,-,insertion,Schroder-HIV-SupT1-inVivo-11F09,Schroder-HIV-SupT1-inVivo,31350997,6-CUTTER,Schroder-HIV-SupT1-inVivo
276,chr3,143720423,143720423,1,-,insertion,Schroder-HIV-SupT1-inVivo-11F11,Schroder-HIV-SupT1-inVivo,31351009,6-CUTTER,Schroder-HIV-SupT1-inVivo
277,chr16,68317583,68317583,1,-,insertion,Schroder-HIV-SupT1-inVivo-11G01,Schroder-HIV-SupT1-inVivo,31351308,6-CUTTER,Schroder-HIV-SupT1-inVivo
278,chr22,18204693,18204693,1,-,insertion,Schroder-HIV-SupT1-inVivo-11G03,Schroder-HIV-SupT1-inVivo,31352072,6-CUTTER,Schroder-HIV-SupT1-inVivo
279,chr19,10159084,10159084,1,+,insertion,Schroder-HIV-SupT1-inVivo-11G08,Schroder-HIV-SupT1-inVivo,31352837,6-CUTTER,Schroder-HIV-SupT1-inVivo
280,chr6,137015150,137015150,1,-,insertion,Schroder-HIV-SupT1-inVivo-11G09,Schroder-HIV-SupT1-inVivo,31352998,6-CUTTER,Schroder-HIV-SupT1-inVivo
281,chr9,130970917,130970917,1,-,insertion,Schroder-HIV-SupT1-inVivo-11G10,Schroder-HIV-SupT1-inVivo,31353414,6-CUTTER,Schroder-HIV-SupT1-inVivo
282,chr19,48806175,48806175,1,+,insertion,Schroder-HIV-SupT1-inVivo-11H01,Schroder-HIV-SupT1-inVivo,31353784,6-CUTTER,Schroder-HIV-SupT1-inVivo
283,chr21,37713527,37713527,1,+,insertion,Schroder-HIV-SupT1-inVivo-11H02,Schroder-HIV-SupT1-inVivo,31353900,6-CUTTER,Schroder-HIV-SupT1-inVivo
284,chr16,18829340,18829340,1,+,insertion,Schroder-HIV-SupT1-inVivo-11H05,Schroder-HIV-SupT1-inVivo,31354176,6-CUTTER,Schroder-HIV-SupT1-inVivo
285,chr6,23422387,23422387,1,+,insertion,Schroder-HIV-SupT1-inVivo-11H08,Schroder-HIV-SupT1-inVivo,31354369,6-CUTTER,Schroder-HIV-SupT1-inVivo
286,chrX,135747877,135747877,1,-,insertion,Schroder-HIV-SupT1-inVivo-11H09,Schroder-HIV-SupT1-inVivo,31354842,6-CUTTER,Schroder-HIV-SupT1-inVivo
287,chr1,21305249,21305249,1,+,insertion,Schroder-HIV-SupT1-inVivo-11H10,Schroder-HIV-SupT1-inVivo,31354845,6-CUTTER,Schroder-HIV-SupT1-inVivo
288,chr3,20239346,20239346,1,-,insertion,Schroder-HIV-SupT1-inVivo-12,Schroder-HIV-SupT1-inVivo,31354849,6-CUTTER,Schroder-HIV-SupT1-inVivo
289,chr19,10344801,10344801,1,-,insertion,Schroder-HIV-SupT1-inVivo-12A01,Schroder-HIV-SupT1-inVivo,31355210,6-CUTTER,Schroder-HIV-SupT1-inVivo
290,chr3,54202464,54202464,1,+,insertion,Schroder-HIV-SupT1-inVivo-12A02,Schroder-HIV-SupT1-inVivo,31355230,6-CUTTER,Schroder-HIV-SupT1-inVivo
291,chr10,101433797,101433797,1,+,insertion,Schroder-HIV-SupT1-inVivo-12A03,Schroder-HIV-SupT1-inVivo,31355262,6-CUTTER,Schroder-HIV-SupT1-inVivo
292,chr4,77274307,77274307,1,+,insertion,Schroder-HIV-SupT1-inVivo-12A04,Schroder-HIV-SupT1-inVivo,31355945,6-CUTTER,Schroder-HIV-SupT1-inVivo
293,chr1,153580672,153580672,1,-,insertion,Schroder-HIV-SupT1-inVivo-12A09,Schroder-HIV-SupT1-inVivo,31355948,6-CUTTER,Schroder-HIV-SupT1-inVivo
294,chr11,67217038,67217038,1,+,insertion,Schroder-HIV-SupT1-inVivo-12A10,Schroder-HIV-SupT1-inVivo,31355966,6-CUTTER,Schroder-HIV-SupT1-inVivo
295,chr17,53807592,53807592,1,-,insertion,Schroder-HIV-SupT1-inVivo-12A11,Schroder-HIV-SupT1-inVivo,31356593,6-CUTTER,Schroder-HIV-SupT1-inVivo
296,chr7,77189851,77189851,1,-,insertion,Schroder-HIV-SupT1-inVivo-12A12,Schroder-HIV-SupT1-inVivo,31356596,6-CUTTER,Schroder-HIV-SupT1-inVivo
297,chr9,133776589,133776589,1,+,insertion,Schroder-HIV-SupT1-inVivo-12B03,Schroder-HIV-SupT1-inVivo,31356602,6-CUTTER,Schroder-HIV-SupT1-inVivo
298,chr3,167212048,167212048,1,-,insertion,Schroder-HIV-SupT1-inVivo-12B11,Schroder-HIV-SupT1-inVivo,31356663,6-CUTTER,Schroder-HIV-SupT1-inVivo
299,chr12,32254898,32254898,1,-,insertion,Schroder-HIV-SupT1-inVivo-12C01,Schroder-HIV-SupT1-inVivo,31356681,6-CUTTER,Schroder-HIV-SupT1-inVivo
300,chr11,85656535,85656535,1,-,insertion,Schroder-HIV-SupT1-inVivo-12C05,Schroder-HIV-SupT1-inVivo,31357694,6-CUTTER,Schroder-HIV-SupT1-inVivo
301,chr7,76502200,76502200,1,-,insertion,Schroder-HIV-SupT1-inVivo-12C10,Schroder-HIV-SupT1-inVivo,31358432,6-CUTTER,Schroder-HIV-SupT1-inVivo
302,chr14,73540493,73540493,1,-,insertion,Schroder-HIV-SupT1-inVivo-12D01,Schroder-HIV-SupT1-inVivo,31358827,6-CUTTER,Schroder-HIV-SupT1-inVivo
303,chr3,60272158,60272158,1,-,insertion,Schroder-HIV-SupT1-inVivo-12D04,Schroder-HIV-SupT1-inVivo,31358941,6-CUTTER,Schroder-HIV-SupT1-inVivo
304,chr1,242702346,242702346,1,-,insertion,Schroder-HIV-SupT1-inVivo-12D05,Schroder-HIV-SupT1-inVivo,31359102,6-CUTTER,Schroder-HIV-SupT1-inVivo
305,chr7,111892823,111892823,1,+,insertion,Schroder-HIV-SupT1-inVivo-12D09,Schroder-HIV-SupT1-inVivo,31359457,6-CUTTER,Schroder-HIV-SupT1-inVivo
306,chr6,89623542,89623542,1,+,insertion,Schroder-HIV-SupT1-inVivo-12D10,Schroder-HIV-SupT1-inVivo,31359458,6-CUTTER,Schroder-HIV-SupT1-inVivo
307,chr4,95419304,95419304,1,+,insertion,Schroder-HIV-SupT1-inVivo-12E01,Schroder-HIV-SupT1-inVivo,31359540,6-CUTTER,Schroder-HIV-SupT1-inVivo
308,chr11,118605969,118605969,1,+,insertion,Schroder-HIV-SupT1-inVivo-12E03,Schroder-HIV-SupT1-inVivo,31359595,6-CUTTER,Schroder-HIV-SupT1-inVivo
309,chr2,159985152,159985152,1,-,insertion,Schroder-HIV-SupT1-inVivo-12E04,Schroder-HIV-SupT1-inVivo,31359788,6-CUTTER,Schroder-HIV-SupT1-inVivo
310,chr1,41892071,41892071,1,+,insertion,Schroder-HIV-SupT1-inVivo-12E08,Schroder-HIV-SupT1-inVivo,31359793,6-CUTTER,Schroder-HIV-SupT1-inVivo
311,chr9,130413396,130413396,1,-,insertion,Schroder-HIV-SupT1-inVivo-12F01,Schroder-HIV-SupT1-inVivo,31360728,6-CUTTER,Schroder-HIV-SupT1-inVivo
312,chr10,23712208,23712208,1,+,insertion,Schroder-HIV-SupT1-inVivo-12F04,Schroder-HIV-SupT1-inVivo,31360941,6-CUTTER,Schroder-HIV-SupT1-inVivo
313,chr12,48159583,48159583,1,+,insertion,Schroder-HIV-SupT1-inVivo-12F05,Schroder-HIV-SupT1-inVivo,31361553,6-CUTTER,Schroder-HIV-SupT1-inVivo
314,chr17,75732986,75732986,1,+,insertion,Schroder-HIV-SupT1-inVivo-12F08,Schroder-HIV-SupT1-inVivo,31361562,6-CUTTER,Schroder-HIV-SupT1-inVivo
315,chr16,3328741,3328741,1,-,insertion,Schroder-HIV-SupT1-inVivo-12F10,Schroder-HIV-SupT1-inVivo,31362106,6-CUTTER,Schroder-HIV-SupT1-inVivo
316,chr9,128538955,128538955,1,+,insertion,Schroder-HIV-SupT1-inVivo-12G01,Schroder-HIV-SupT1-inVivo,31362255,6-CUTTER,Schroder-HIV-SupT1-inVivo
317,chr2,99426008,99426008,1,-,insertion,Schroder-HIV-SupT1-inVivo-12G09,Schroder-HIV-SupT1-inVivo,31362752,6-CUTTER,Schroder-HIV-SupT1-inVivo
318,chr22,48968869,48968869,1,+,insertion,Schroder-HIV-SupT1-inVivo-12G10,Schroder-HIV-SupT1-inVivo,31362764,6-CUTTER,Schroder-HIV-SupT1-inVivo
319,chr2,120428073,120428073,1,-,insertion,Schroder-HIV-SupT1-inVivo-12H01,Schroder-HIV-SupT1-inVivo,31362846,6-CUTTER,Schroder-HIV-SupT1-inVivo
320,chr1,2074227,2074227,1,+,insertion,Schroder-HIV-SupT1-inVivo-12H03,Schroder-HIV-SupT1-inVivo,31362865,6-CUTTER,Schroder-HIV-SupT1-inVivo
321,chr17,3571750,3571750,1,+,insertion,Schroder-HIV-SupT1-inVivo-12H08,Schroder-HIV-SupT1-inVivo,31362960,6-CUTTER,Schroder-HIV-SupT1-inVivo
322,chr17,2483076,2483076,1,+,insertion,Schroder-HIV-SupT1-inVivo-13,Schroder-HIV-SupT1-inVivo,31363457,6-CUTTER,Schroder-HIV-SupT1-inVivo
323,chr22,28678908,28678908,1,+,insertion,Schroder-HIV-SupT1-inVivo-13A04,Schroder-HIV-SupT1-inVivo,31363751,6-CUTTER,Schroder-HIV-SupT1-inVivo
324,chr17,37663645,37663645,1,-,insertion,Schroder-HIV-SupT1-inVivo-13A05,Schroder-HIV-SupT1-inVivo,31363761,6-CUTTER,Schroder-HIV-SupT1-inVivo
325,chr3,34723041,34723041,1,+,insertion,Schroder-HIV-SupT1-inVivo-13A10,Schroder-HIV-SupT1-inVivo,31363838,6-CUTTER,Schroder-HIV-SupT1-inVivo
326,chr22,20967575,20967575,1,-,insertion,Schroder-HIV-SupT1-inVivo-13B02,Schroder-HIV-SupT1-inVivo,31364117,6-CUTTER,Schroder-HIV-SupT1-inVivo
327,chr1,148399637,148399637,1,-,insertion,Schroder-HIV-SupT1-inVivo-13B10,Schroder-HIV-SupT1-inVivo,31364234,6-CUTTER,Schroder-HIV-SupT1-inVivo
328,chr17,55157345,55157345,1,+,insertion,Schroder-HIV-SupT1-inVivo-13C01,Schroder-HIV-SupT1-inVivo,31364237,6-CUTTER,Schroder-HIV-SupT1-inVivo
329,chr20,42731038,42731038,1,+,insertion,Schroder-HIV-SupT1-inVivo-13C04,Schroder-HIV-SupT1-inVivo,31364527,6-CUTTER,Schroder-HIV-SupT1-inVivo
330,chr6,3950295,3950295,1,+,insertion,Schroder-HIV-SupT1-inVivo-13C05,Schroder-HIV-SupT1-inVivo,31364888,6-CUTTER,Schroder-HIV-SupT1-inVivo
331,chr19,46554071,46554071,1,+,insertion,Schroder-HIV-SupT1-inVivo-13C09,Schroder-HIV-SupT1-inVivo,31365266,6-CUTTER,Schroder-HIV-SupT1-inVivo
332,chr6,17738607,17738607,1,-,insertion,Schroder-HIV-SupT1-inVivo-13C10,Schroder-HIV-SupT1-inVivo,31365397,6-CUTTER,Schroder-HIV-SupT1-inVivo
333,chrX,47328400,47328400,1,+,insertion,Schroder-HIV-SupT1-inVivo-13C11,Schroder-HIV-SupT1-inVivo,31365904,6-CUTTER,Schroder-HIV-SupT1-inVivo
334,chr16,1684521,1684521,1,-,insertion,Schroder-HIV-SupT1-inVivo-13D01,Schroder-HIV-SupT1-inVivo,31366022,6-CUTTER,Schroder-HIV-SupT1-inVivo
335,chr1,55559534,55559534,1,-,insertion,Schroder-HIV-SupT1-inVivo-13D04,Schroder-HIV-SupT1-inVivo,31366133,6-CUTTER,Schroder-HIV-SupT1-inVivo
336,chr4,2186000,2186000,1,+,insertion,Schroder-HIV-SupT1-inVivo-13D05,Schroder-HIV-SupT1-inVivo,31366150,6-CUTTER,Schroder-HIV-SupT1-inVivo
337,chr14,55122526,55122526,1,-,insertion,Schroder-HIV-SupT1-inVivo-13D09,Schroder-HIV-SupT1-inVivo,31366285,6-CUTTER,Schroder-HIV-SupT1-inVivo
338,chr1,101163004,101163004,1,+,insertion,Schroder-HIV-SupT1-inVivo-13D11,Schroder-HIV-SupT1-inVivo,31366294,6-CUTTER,Schroder-HIV-SupT1-inVivo
339,chr15,74554992,74554992,1,+,insertion,Schroder-HIV-SupT1-inVivo-13E01,Schroder-HIV-SupT1-inVivo,31366301,6-CUTTER,Schroder-HIV-SupT1-inVivo
340,chr8,68216269,68216269,1,-,insertion,Schroder-HIV-SupT1-inVivo-13E03,Schroder-HIV-SupT1-inVivo,31366309,6-CUTTER,Schroder-HIV-SupT1-inVivo
341,chr15,41555569,41555569,1,+,insertion,Schroder-HIV-SupT1-inVivo-13E12,Schroder-HIV-SupT1-inVivo,31366786,6-CUTTER,Schroder-HIV-SupT1-inVivo
342,chr3,196517000,196517000,1,+,insertion,Schroder-HIV-SupT1-inVivo-13F01,Schroder-HIV-SupT1-inVivo,31367353,6-CUTTER,Schroder-HIV-SupT1-inVivo
343,chr9,90465121,90465121,1,+,insertion,Schroder-HIV-SupT1-inVivo-13F02,Schroder-HIV-SupT1-inVivo,31367721,6-CUTTER,Schroder-HIV-SupT1-inVivo
344,chr4,6856987,6856987,1,+,insertion,Schroder-HIV-SupT1-inVivo-13F03,Schroder-HIV-SupT1-inVivo,31367723,6-CUTTER,Schroder-HIV-SupT1-inVivo
345,chr21,46727870,46727870,1,+,insertion,Schroder-HIV-SupT1-inVivo-13F04,Schroder-HIV-SupT1-inVivo,31367731,6-CUTTER,Schroder-HIV-SupT1-inVivo
346,chr1,59822575,59822575,1,-,insertion,Schroder-HIV-SupT1-inVivo-13F05,Schroder-HIV-SupT1-inVivo,31368040,6-CUTTER,Schroder-HIV-SupT1-inVivo
347,chr19,52299453,52299453,1,+,insertion,Schroder-HIV-SupT1-inVivo-13F08,Schroder-HIV-SupT1-inVivo,31368142,6-CUTTER,Schroder-HIV-SupT1-inVivo
348,chr1,141511528,141511528,1,+,insertion,Schroder-HIV-SupT1-inVivo-13F09,Schroder-HIV-SupT1-inVivo,31368160,6-CUTTER,Schroder-HIV-SupT1-inVivo
349,chr11,64716057,64716057,1,-,insertion,Schroder-HIV-SupT1-inVivo-13F11,Schroder-HIV-SupT1-inVivo,31368291,6-CUTTER,Schroder-HIV-SupT1-inVivo
350,chr19,56042705,56042705,1,-,insertion,Schroder-HIV-SupT1-inVivo-13F12,Schroder-HIV-SupT1-inVivo,31368381,6-CUTTER,Schroder-HIV-SupT1-inVivo
351,chr1,100318605,100318605,1,+,insertion,Schroder-HIV-SupT1-inVivo-13G04,Schroder-HIV-SupT1-inVivo,31368497,6-CUTTER,Schroder-HIV-SupT1-inVivo
352,chr9,79004869,79004869,1,+,insertion,Schroder-HIV-SupT1-inVivo-13G08,Schroder-HIV-SupT1-inVivo,31368614,6-CUTTER,Schroder-HIV-SupT1-inVivo
353,chr17,16042867,16042867,1,-,insertion,Schroder-HIV-SupT1-inVivo-13G11,Schroder-HIV-SupT1-inVivo,31370446,6-CUTTER,Schroder-HIV-SupT1-inVivo
354,chr21,37391402,37391402,1,-,insertion,Schroder-HIV-SupT1-inVivo-13G12,Schroder-HIV-SupT1-inVivo,31370493,6-CUTTER,Schroder-HIV-SupT1-inVivo
355,chr13,97434216,97434216,1,-,insertion,Schroder-HIV-SupT1-inVivo-13H04,Schroder-HIV-SupT1-inVivo,31370497,6-CUTTER,Schroder-HIV-SupT1-inVivo
356,chr12,78002905,78002905,1,+,insertion,Schroder-HIV-SupT1-inVivo-13H08,Schroder-HIV-SupT1-inVivo,31370508,6-CUTTER,Schroder-HIV-SupT1-inVivo
357,chr22,20290211,20290211,1,-,insertion,Schroder-HIV-SupT1-inVivo-13H09,Schroder-HIV-SupT1-inVivo,31371022,6-CUTTER,Schroder-HIV-SupT1-inVivo
358,chr15,88899983,88899983,1,-,insertion,Schroder-HIV-SupT1-inVivo-13H11,Schroder-HIV-SupT1-inVivo,31371097,6-CUTTER,Schroder-HIV-SupT1-inVivo
359,chr16,66727041,66727041,1,+,insertion,Schroder-HIV-SupT1-inVivo-14A01,Schroder-HIV-SupT1-inVivo,31371480,6-CUTTER,Schroder-HIV-SupT1-inVivo
360,chr19,20403399,20403399,1,+,insertion,Schroder-HIV-SupT1-inVivo-14A12,Schroder-HIV-SupT1-inVivo,31372328,6-CUTTER,Schroder-HIV-SupT1-inVivo
361,chr3,47143449,47143449,1,-,insertion,Schroder-HIV-SupT1-inVivo-14B01,Schroder-HIV-SupT1-inVivo,31372486,6-CUTTER,Schroder-HIV-SupT1-inVivo
362,chr3,48714131,48714131,1,+,insertion,Schroder-HIV-SupT1-inVivo-14B03,Schroder-HIV-SupT1-inVivo,31372610,6-CUTTER,Schroder-HIV-SupT1-inVivo
363,chr19,62486092,62486092,1,+,insertion,Schroder-HIV-SupT1-inVivo-14B08,Schroder-HIV-SupT1-inVivo,31372864,6-CUTTER,Schroder-HIV-SupT1-inVivo
364,chr1,45757453,45757453,1,-,insertion,Schroder-HIV-SupT1-inVivo-14B10,Schroder-HIV-SupT1-inVivo,31372987,6-CUTTER,Schroder-HIV-SupT1-inVivo
365,chr17,40111519,40111519,1,-,insertion,Schroder-HIV-SupT1-inVivo-14C05,Schroder-HIV-SupT1-inVivo,31373730,6-CUTTER,Schroder-HIV-SupT1-inVivo
366,chr9,9529772,9529772,1,+,insertion,Schroder-HIV-SupT1-inVivo-14C09,Schroder-HIV-SupT1-inVivo,31373736,6-CUTTER,Schroder-HIV-SupT1-inVivo
367,chr15,83760953,83760953,1,+,insertion,Schroder-HIV-SupT1-inVivo-14D01,Schroder-HIV-SupT1-inVivo,31373743,6-CUTTER,Schroder-HIV-SupT1-inVivo
368,chr6,5475672,5475672,1,-,insertion,Schroder-HIV-SupT1-inVivo-14D02,Schroder-HIV-SupT1-inVivo,31373764,6-CUTTER,Schroder-HIV-SupT1-inVivo
369,chr15,74697042,74697042,1,-,insertion,Schroder-HIV-SupT1-inVivo-14D04,Schroder-HIV-SupT1-inVivo,31373771,6-CUTTER,Schroder-HIV-SupT1-inVivo
370,chr3,101068818,101068818,1,+,insertion,Schroder-HIV-SupT1-inVivo-14D08,Schroder-HIV-SupT1-inVivo,31373803,6-CUTTER,Schroder-HIV-SupT1-inVivo
371,chr5,78754342,78754342,1,+,insertion,Schroder-HIV-SupT1-inVivo-14D09,Schroder-HIV-SupT1-inVivo,31373809,6-CUTTER,Schroder-HIV-SupT1-inVivo
372,chr17,42883713,42883713,1,+,insertion,Schroder-HIV-SupT1-inVivo-14D12,Schroder-HIV-SupT1-inVivo,31374484,6-CUTTER,Schroder-HIV-SupT1-inVivo
373,chr22,20530550,20530550,1,+,insertion,Schroder-HIV-SupT1-inVivo-14E01,Schroder-HIV-SupT1-inVivo,31374648,6-CUTTER,Schroder-HIV-SupT1-inVivo
374,chr5,179110715,179110715,1,-,insertion,Schroder-HIV-SupT1-inVivo-14E09,Schroder-HIV-SupT1-inVivo,31375547,6-CUTTER,Schroder-HIV-SupT1-inVivo
375,chr9,90708911,90708911,1,-,insertion,Schroder-HIV-SupT1-inVivo-14E11,Schroder-HIV-SupT1-inVivo,31375929,6-CUTTER,Schroder-HIV-SupT1-inVivo
376,chr11,118319206,118319206,1,-,insertion,Schroder-HIV-SupT1-inVivo-14E12,Schroder-HIV-SupT1-inVivo,31376583,6-CUTTER,Schroder-HIV-SupT1-inVivo
377,chr2,98692271,98692271,1,-,insertion,Schroder-HIV-SupT1-inVivo-14F02,Schroder-HIV-SupT1-inVivo,31376638,6-CUTTER,Schroder-HIV-SupT1-inVivo
378,chr18,3716143,3716143,1,-,insertion,Schroder-HIV-SupT1-inVivo-14F08,Schroder-HIV-SupT1-inVivo,31377142,6-CUTTER,Schroder-HIV-SupT1-inVivo
379,chr17,5324765,5324765,1,-,insertion,Schroder-HIV-SupT1-inVivo-14F09,Schroder-HIV-SupT1-inVivo,31377147,6-CUTTER,Schroder-HIV-SupT1-inVivo
380,chr15,50285191,50285191,1,-,insertion,Schroder-HIV-SupT1-inVivo-14G04,Schroder-HIV-SupT1-inVivo,31377773,6-CUTTER,Schroder-HIV-SupT1-inVivo
381,chr16,3331483,3331483,1,+,insertion,Schroder-HIV-SupT1-inVivo-14G08,Schroder-HIV-SupT1-inVivo,31378389,6-CUTTER,Schroder-HIV-SupT1-inVivo
382,chr20,51666669,51666669,1,+,insertion,Schroder-HIV-SupT1-inVivo-14H02,Schroder-HIV-SupT1-inVivo,31378798,6-CUTTER,Schroder-HIV-SupT1-inVivo
383,chr6,128453385,128453385,1,+,insertion,Schroder-HIV-SupT1-inVivo-15,Schroder-HIV-SupT1-inVivo,31380054,6-CUTTER,Schroder-HIV-SupT1-inVivo
384,chr5,177041215,177041215,1,+,insertion,Schroder-HIV-SupT1-inVivo-15A01,Schroder-HIV-SupT1-inVivo,31380074,6-CUTTER,Schroder-HIV-SupT1-inVivo
385,chr3,6934008,6934008,1,+,insertion,Schroder-HIV-SupT1-inVivo-15A03,Schroder-HIV-SupT1-inVivo,31380080,6-CUTTER,Schroder-HIV-SupT1-inVivo
386,chr3,169081223,169081223,1,-,insertion,Schroder-HIV-SupT1-inVivo-15A04,Schroder-HIV-SupT1-inVivo,31380086,6-CUTTER,Schroder-HIV-SupT1-inVivo
387,chr12,14443153,14443153,1,+,insertion,Schroder-HIV-SupT1-inVivo-15A05,Schroder-HIV-SupT1-inVivo,31380093,6-CUTTER,Schroder-HIV-SupT1-inVivo
388,chr11,85378291,85378291,1,+,insertion,Schroder-HIV-SupT1-inVivo-15A08,Schroder-HIV-SupT1-inVivo,31380097,6-CUTTER,Schroder-HIV-SupT1-inVivo
389,chr1,6785430,6785430,1,+,insertion,Schroder-HIV-SupT1-inVivo-15B01,Schroder-HIV-SupT1-inVivo,31380109,6-CUTTER,Schroder-HIV-SupT1-inVivo
390,chr18,37840644,37840644,1,+,insertion,Schroder-HIV-SupT1-inVivo-15B08,Schroder-HIV-SupT1-inVivo,31380179,6-CUTTER,Schroder-HIV-SupT1-inVivo
391,chr8,145295309,145295309,1,+,insertion,Schroder-HIV-SupT1-inVivo-15C01,Schroder-HIV-SupT1-inVivo,31380244,6-CUTTER,Schroder-HIV-SupT1-inVivo
392,chr19,42065890,42065890,1,-,insertion,Schroder-HIV-SupT1-inVivo-15C03,Schroder-HIV-SupT1-inVivo,31380302,6-CUTTER,Schroder-HIV-SupT1-inVivo
393,chr2,27701090,27701090,1,+,insertion,Schroder-HIV-SupT1-inVivo-15C09,Schroder-HIV-SupT1-inVivo,31380361,6-CUTTER,Schroder-HIV-SupT1-inVivo
394,chr19,50473477,50473477,1,-,insertion,Schroder-HIV-SupT1-inVivo-15D03,Schroder-HIV-SupT1-inVivo,31380447,6-CUTTER,Schroder-HIV-SupT1-inVivo
395,chr22,22148532,22148532,1,-,insertion,Schroder-HIV-SupT1-inVivo-15D05,Schroder-HIV-SupT1-inVivo,31380463,6-CUTTER,Schroder-HIV-SupT1-inVivo
396,chr16,73602741,73602741,1,+,insertion,Schroder-HIV-SupT1-inVivo-15D08,Schroder-HIV-SupT1-inVivo,31380491,6-CUTTER,Schroder-HIV-SupT1-inVivo
397,chr6,135746898,135746898,1,-,insertion,Schroder-HIV-SupT1-inVivo-15E08,Schroder-HIV-SupT1-inVivo,31380954,6-CUTTER,Schroder-HIV-SupT1-inVivo
398,chr3,143702344,143702344,1,-,insertion,Schroder-HIV-SupT1-inVivo-15E09,Schroder-HIV-SupT1-inVivo,31380966,6-CUTTER,Schroder-HIV-SupT1-inVivo
399,chr2,42778682,42778682,1,+,insertion,Schroder-HIV-SupT1-inVivo-15E11,Schroder-HIV-SupT1-inVivo,31380972,6-CUTTER,Schroder-HIV-SupT1-inVivo
400,chr8,100548618,100548618,1,-,insertion,Schroder-HIV-SupT1-inVivo-15F08,Schroder-HIV-SupT1-inVivo,31381146,6-CUTTER,Schroder-HIV-SupT1-inVivo
401,chr2,73321352,73321352,1,-,insertion,Schroder-HIV-SupT1-inVivo-15G02,Schroder-HIV-SupT1-inVivo,31381312,6-CUTTER,Schroder-HIV-SupT1-inVivo
402,chr1,227159801,227159801,1,+,insertion,Schroder-HIV-SupT1-inVivo-15G04,Schroder-HIV-SupT1-inVivo,31381314,6-CUTTER,Schroder-HIV-SupT1-inVivo
403,chr2,240238211,240238211,1,+,insertion,Schroder-HIV-SupT1-inVivo-15G09,Schroder-HIV-SupT1-inVivo,31381374,6-CUTTER,Schroder-HIV-SupT1-inVivo
404,chr9,139102721,139102721,1,-,insertion,Schroder-HIV-SupT1-inVivo-16A01,Schroder-HIV-SupT1-inVivo,31381931,6-CUTTER,Schroder-HIV-SupT1-inVivo
405,chr5,175300831,175300831,1,-,insertion,Schroder-HIV-SupT1-inVivo-16A03,Schroder-HIV-SupT1-inVivo,31381993,6-CUTTER,Schroder-HIV-SupT1-inVivo
406,chr1,52771034,52771034,1,-,insertion,Schroder-HIV-SupT1-inVivo-16A08,Schroder-HIV-SupT1-inVivo,31382007,6-CUTTER,Schroder-HIV-SupT1-inVivo
407,chrX,119964052,119964052,1,-,insertion,Schroder-HIV-SupT1-inVivo-16A09,Schroder-HIV-SupT1-inVivo,31382017,6-CUTTER,Schroder-HIV-SupT1-inVivo
408,chr6,64427035,64427035,1,-,insertion,Schroder-HIV-SupT1-inVivo-16B01,Schroder-HIV-SupT1-inVivo,31382078,6-CUTTER,Schroder-HIV-SupT1-inVivo
409,chr19,4388980,4388980,1,-,insertion,Schroder-HIV-SupT1-inVivo-16B02,Schroder-HIV-SupT1-inVivo,31382353,6-CUTTER,Schroder-HIV-SupT1-inVivo
410,chr6,35711063,35711063,1,-,insertion,Schroder-HIV-SupT1-inVivo-16B05,Schroder-HIV-SupT1-inVivo,31382974,6-CUTTER,Schroder-HIV-SupT1-inVivo
411,chr8,103488763,103488763,1,+,insertion,Schroder-HIV-SupT1-inVivo-16B09,Schroder-HIV-SupT1-inVivo,31383421,6-CUTTER,Schroder-HIV-SupT1-inVivo
412,chr1,28234042,28234042,1,-,insertion,Schroder-HIV-SupT1-inVivo-16C01,Schroder-HIV-SupT1-inVivo,31383576,6-CUTTER,Schroder-HIV-SupT1-inVivo
413,chr19,55066613,55066613,1,-,insertion,Schroder-HIV-SupT1-inVivo-16C02,Schroder-HIV-SupT1-inVivo,31383582,6-CUTTER,Schroder-HIV-SupT1-inVivo
414,chr6,22373305,22373305,1,+,insertion,Schroder-HIV-SupT1-inVivo-16C08,Schroder-HIV-SupT1-inVivo,31384314,6-CUTTER,Schroder-HIV-SupT1-inVivo
415,chr16,195989,195989,1,+,insertion,Schroder-HIV-SupT1-inVivo-16D01,Schroder-HIV-SupT1-inVivo,31384377,6-CUTTER,Schroder-HIV-SupT1-inVivo
416,chr17,3639697,3639697,1,+,insertion,Schroder-HIV-SupT1-inVivo-16D02,Schroder-HIV-SupT1-inVivo,31384739,6-CUTTER,Schroder-HIV-SupT1-inVivo
417,chr17,7801218,7801218,1,-,insertion,Schroder-HIV-SupT1-inVivo-16D03,Schroder-HIV-SupT1-inVivo,31384837,6-CUTTER,Schroder-HIV-SupT1-inVivo
418,chr1,145473167,145473167,1,-,insertion,Schroder-HIV-SupT1-inVivo-16D08,Schroder-HIV-SupT1-inVivo,31384950,6-CUTTER,Schroder-HIV-SupT1-inVivo
419,chr11,107426668,107426668,1,+,insertion,Schroder-HIV-SupT1-inVivo-16D12,Schroder-HIV-SupT1-inVivo,31384959,6-CUTTER,Schroder-HIV-SupT1-inVivo
420,chr16,715499,715499,1,-,insertion,Schroder-HIV-SupT1-inVivo-16E03,Schroder-HIV-SupT1-inVivo,31384964,6-CUTTER,Schroder-HIV-SupT1-inVivo
421,chr2,68911419,68911419,1,+,insertion,Schroder-HIV-SupT1-inVivo-16E05,Schroder-HIV-SupT1-inVivo,31385278,6-CUTTER,Schroder-HIV-SupT1-inVivo
422,chr3,46122445,46122445,1,-,insertion,Schroder-HIV-SupT1-inVivo-16E08,Schroder-HIV-SupT1-inVivo,31385662,6-CUTTER,Schroder-HIV-SupT1-inVivo
423,chr1,8589372,8589372,1,-,insertion,Schroder-HIV-SupT1-inVivo-16F08,Schroder-HIV-SupT1-inVivo,31385685,6-CUTTER,Schroder-HIV-SupT1-inVivo
424,chr12,112178649,112178649,1,+,insertion,Schroder-HIV-SupT1-inVivo-16G01,Schroder-HIV-SupT1-inVivo,31385943,6-CUTTER,Schroder-HIV-SupT1-inVivo
425,chr5,93409267,93409267,1,-,insertion,Schroder-HIV-SupT1-inVivo-16G02,Schroder-HIV-SupT1-inVivo,31385991,6-CUTTER,Schroder-HIV-SupT1-inVivo
426,chr17,16013565,16013565,1,-,insertion,Schroder-HIV-SupT1-inVivo-16G03,Schroder-HIV-SupT1-inVivo,31386000,6-CUTTER,Schroder-HIV-SupT1-inVivo
427,chr19,10528381,10528381,1,-,insertion,Schroder-HIV-SupT1-inVivo-16G05,Schroder-HIV-SupT1-inVivo,31386500,6-CUTTER,Schroder-HIV-SupT1-inVivo
428,chr6,149988022,149988022,1,+,insertion,Schroder-HIV-SupT1-inVivo-16G08,Schroder-HIV-SupT1-inVivo,31386860,6-CUTTER,Schroder-HIV-SupT1-inVivo
429,chr7,148166888,148166888,1,-,insertion,Schroder-HIV-SupT1-inVivo-16G10,Schroder-HIV-SupT1-inVivo,31387476,6-CUTTER,Schroder-HIV-SupT1-inVivo
430,chr7,40086954,40086954,1,+,insertion,Schroder-HIV-SupT1-inVivo-16G12,Schroder-HIV-SupT1-inVivo,31387490,6-CUTTER,Schroder-HIV-SupT1-inVivo
431,chr11,66185504,66185504,1,-,insertion,Schroder-HIV-SupT1-inVivo-16H03,Schroder-HIV-SupT1-inVivo,31387676,6-CUTTER,Schroder-HIV-SupT1-inVivo
432,chr17,2468927,2468927,1,+,insertion,Schroder-HIV-SupT1-inVivo-16H04,Schroder-HIV-SupT1-inVivo,31387691,6-CUTTER,Schroder-HIV-SupT1-inVivo
433,chr2,240012729,240012729,1,-,insertion,Schroder-HIV-SupT1-inVivo-16H05,Schroder-HIV-SupT1-inVivo,31387737,6-CUTTER,Schroder-HIV-SupT1-inVivo
434,chr17,27293138,27293138,1,+,insertion,Schroder-HIV-SupT1-inVivo-16H08,Schroder-HIV-SupT1-inVivo,31388132,6-CUTTER,Schroder-HIV-SupT1-inVivo
435,chr20,42724174,42724174,1,+,insertion,Schroder-HIV-SupT1-inVivo-16H10,Schroder-HIV-SupT1-inVivo,31388288,6-CUTTER,Schroder-HIV-SupT1-inVivo
436,chr6,138125727,138125727,1,+,insertion,Schroder-HIV-SupT1-inVivo-17A02,Schroder-HIV-SupT1-inVivo,31388566,6-CUTTER,Schroder-HIV-SupT1-inVivo
437,chr17,7160999,7160999,1,+,insertion,Schroder-HIV-SupT1-inVivo-17A08,Schroder-HIV-SupT1-inVivo,31388711,6-CUTTER,Schroder-HIV-SupT1-inVivo
438,chr14,72504162,72504162,1,+,insertion,Schroder-HIV-SupT1-inVivo-17A10,Schroder-HIV-SupT1-inVivo,31388764,6-CUTTER,Schroder-HIV-SupT1-inVivo
439,chr15,74880763,74880763,1,+,insertion,Schroder-HIV-SupT1-inVivo-17A11,Schroder-HIV-SupT1-inVivo,31388980,6-CUTTER,Schroder-HIV-SupT1-inVivo
440,chr7,106782669,106782669,1,-,insertion,Schroder-HIV-SupT1-inVivo-17A12,Schroder-HIV-SupT1-inVivo,31389027,6-CUTTER,Schroder-HIV-SupT1-inVivo
441,chr20,13231742,13231742,1,-,insertion,Schroder-HIV-SupT1-inVivo-17B02,Schroder-HIV-SupT1-inVivo,31389086,6-CUTTER,Schroder-HIV-SupT1-inVivo
442,chrX,46973884,46973884,1,-,insertion,Schroder-HIV-SupT1-inVivo-17B09,Schroder-HIV-SupT1-inVivo,31389099,6-CUTTER,Schroder-HIV-SupT1-inVivo
443,chr17,55905155,55905155,1,-,insertion,Schroder-HIV-SupT1-inVivo-17B10,Schroder-HIV-SupT1-inVivo,31389105,6-CUTTER,Schroder-HIV-SupT1-inVivo
444,chr1,114849904,114849904,1,+,insertion,Schroder-HIV-SupT1-inVivo-17B11,Schroder-HIV-SupT1-inVivo,31389111,6-CUTTER,Schroder-HIV-SupT1-inVivo
445,chr16,88350591,88350591,1,-,insertion,Schroder-HIV-SupT1-inVivo-17C03,Schroder-HIV-SupT1-inVivo,31389696,6-CUTTER,Schroder-HIV-SupT1-inVivo
446,chr12,48169138,48169138,1,-,insertion,Schroder-HIV-SupT1-inVivo-17C05,Schroder-HIV-SupT1-inVivo,31389873,6-CUTTER,Schroder-HIV-SupT1-inVivo
447,chr19,12574250,12574250,1,+,insertion,Schroder-HIV-SupT1-inVivo-17C08,Schroder-HIV-SupT1-inVivo,31390255,6-CUTTER,Schroder-HIV-SupT1-inVivo
448,chr2,171084296,171084296,1,+,insertion,Schroder-HIV-SupT1-inVivo-17C09,Schroder-HIV-SupT1-inVivo,31390475,6-CUTTER,Schroder-HIV-SupT1-inVivo
449,chr22,49161329,49161329,1,+,insertion,Schroder-HIV-SupT1-inVivo-17C11,Schroder-HIV-SupT1-inVivo,31390958,6-CUTTER,Schroder-HIV-SupT1-inVivo
450,chr8,130957027,130957027,1,-,insertion,Schroder-HIV-SupT1-inVivo-17D02,Schroder-HIV-SupT1-inVivo,31391294,6-CUTTER,Schroder-HIV-SupT1-inVivo
451,chr6,45107523,45107523,1,-,insertion,Schroder-HIV-SupT1-inVivo-17D03,Schroder-HIV-SupT1-inVivo,31391300,6-CUTTER,Schroder-HIV-SupT1-inVivo
452,chr2,3559005,3559005,1,+,insertion,Schroder-HIV-SupT1-inVivo-17D05,Schroder-HIV-SupT1-inVivo,31391330,6-CUTTER,Schroder-HIV-SupT1-inVivo
453,chr17,72271094,72271094,1,-,insertion,Schroder-HIV-SupT1-inVivo-17E08,Schroder-HIV-SupT1-inVivo,31391870,6-CUTTER,Schroder-HIV-SupT1-inVivo
454,chr1,194564799,194564799,1,-,insertion,Schroder-HIV-SupT1-inVivo-17E09,Schroder-HIV-SupT1-inVivo,31391878,6-CUTTER,Schroder-HIV-SupT1-inVivo
455,chr11,64958060,64958060,1,-,insertion,Schroder-HIV-SupT1-inVivo-17E10,Schroder-HIV-SupT1-inVivo,31391881,6-CUTTER,Schroder-HIV-SupT1-inVivo
456,chr4,55993864,55993864,1,-,insertion,Schroder-HIV-SupT1-inVivo-17E11,Schroder-HIV-SupT1-inVivo,31391883,6-CUTTER,Schroder-HIV-SupT1-inVivo
457,chr12,19545006,19545006,1,+,insertion,Schroder-HIV-SupT1-inVivo-17F04,Schroder-HIV-SupT1-inVivo,31392138,6-CUTTER,Schroder-HIV-SupT1-inVivo
458,chr16,87621918,87621918,1,+,insertion,Schroder-HIV-SupT1-inVivo-17F05,Schroder-HIV-SupT1-inVivo,31392245,6-CUTTER,Schroder-HIV-SupT1-inVivo
459,chr6,169696110,169696110,1,+,insertion,Schroder-HIV-SupT1-inVivo-17F08,Schroder-HIV-SupT1-inVivo,31392616,6-CUTTER,Schroder-HIV-SupT1-inVivo
460,chr21,45871182,45871182,1,+,insertion,Schroder-HIV-SupT1-inVivo-17F11,Schroder-HIV-SupT1-inVivo,31392690,6-CUTTER,Schroder-HIV-SupT1-inVivo
461,chr11,65154797,65154797,1,+,insertion,Schroder-HIV-SupT1-inVivo-17F12,Schroder-HIV-SupT1-inVivo,31393072,6-CUTTER,Schroder-HIV-SupT1-inVivo
462,chr1,149872721,149872721,1,+,insertion,Schroder-HIV-SupT1-inVivo-17G02,Schroder-HIV-SupT1-inVivo,31393117,6-CUTTER,Schroder-HIV-SupT1-inVivo
463,chr17,54689667,54689667,1,-,insertion,Schroder-HIV-SupT1-inVivo-17G03,Schroder-HIV-SupT1-inVivo,31393159,6-CUTTER,Schroder-HIV-SupT1-inVivo
464,chr3,121106315,121106315,1,-,insertion,Schroder-HIV-SupT1-inVivo-17G08,Schroder-HIV-SupT1-inVivo,31393771,6-CUTTER,Schroder-HIV-SupT1-inVivo
465,chr22,43398290,43398290,1,-,insertion,Schroder-HIV-SupT1-inVivo-17G10,Schroder-HIV-SupT1-inVivo,31393954,6-CUTTER,Schroder-HIV-SupT1-inVivo
466,chr5,131959141,131959141,1,-,insertion,Schroder-HIV-SupT1-inVivo-17G12,Schroder-HIV-SupT1-inVivo,31394010,6-CUTTER,Schroder-HIV-SupT1-inVivo
467,chr1,86953940,86953940,1,-,insertion,Schroder-HIV-SupT1-inVivo-17H10,Schroder-HIV-SupT1-inVivo,31395272,6-CUTTER,Schroder-HIV-SupT1-inVivo
468,chr1,8696156,8696156,1,-,insertion,Schroder-HIV-SupT1-inVivo-18A01,Schroder-HIV-SupT1-inVivo,31395327,6-CUTTER,Schroder-HIV-SupT1-inVivo
469,chr17,51700030,51700030,1,-,insertion,Schroder-HIV-SupT1-inVivo-18A02,Schroder-HIV-SupT1-inVivo,31395468,6-CUTTER,Schroder-HIV-SupT1-inVivo
470,chr11,93046638,93046638,1,+,insertion,Schroder-HIV-SupT1-inVivo-18A04,Schroder-HIV-SupT1-inVivo,31395938,6-CUTTER,Schroder-HIV-SupT1-inVivo
471,chr6,42656277,42656277,1,+,insertion,Schroder-HIV-SupT1-inVivo-18A05,Schroder-HIV-SupT1-inVivo,31396400,6-CUTTER,Schroder-HIV-SupT1-inVivo
472,chr6,47569629,47569629,1,+,insertion,Schroder-HIV-SupT1-inVivo-18A10,Schroder-HIV-SupT1-inVivo,31396706,6-CUTTER,Schroder-HIV-SupT1-inVivo
473,chr11,23587345,23587345,1,-,insertion,Schroder-HIV-SupT1-inVivo-18B01,Schroder-HIV-SupT1-inVivo,31397515,6-CUTTER,Schroder-HIV-SupT1-inVivo
474,chr19,43841450,43841450,1,+,insertion,Schroder-HIV-SupT1-inVivo-18B08,Schroder-HIV-SupT1-inVivo,31398113,6-CUTTER,Schroder-HIV-SupT1-inVivo
475,chr1,148752988,148752988,1,-,insertion,Schroder-HIV-SupT1-inVivo-18B09,Schroder-HIV-SupT1-inVivo,31398437,6-CUTTER,Schroder-HIV-SupT1-inVivo
476,chr12,83586153,83586153,1,+,insertion,Schroder-HIV-SupT1-inVivo-18B11,Schroder-HIV-SupT1-inVivo,31398518,6-CUTTER,Schroder-HIV-SupT1-inVivo
477,chr10,123534631,123534631,1,+,insertion,Schroder-HIV-SupT1-inVivo-18C02,Schroder-HIV-SupT1-inVivo,31398523,6-CUTTER,Schroder-HIV-SupT1-inVivo
478,chr2,128959854,128959854,1,-,insertion,Schroder-HIV-SupT1-inVivo-18C08,Schroder-HIV-SupT1-inVivo,31398990,6-CUTTER,Schroder-HIV-SupT1-inVivo
479,chr13,45918602,45918602,1,+,insertion,Schroder-HIV-SupT1-inVivo-18C10,Schroder-HIV-SupT1-inVivo,31398999,6-CUTTER,Schroder-HIV-SupT1-inVivo
480,chr1,16505872,16505872,1,+,insertion,Schroder-HIV-SupT1-inVivo-18C11,Schroder-HIV-SupT1-inVivo,31399038,6-CUTTER,Schroder-HIV-SupT1-inVivo
481,chr2,240201262,240201262,1,+,insertion,Schroder-HIV-SupT1-inVivo-18D02,Schroder-HIV-SupT1-inVivo,31399188,6-CUTTER,Schroder-HIV-SupT1-inVivo
482,chr16,3386281,3386281,1,+,insertion,Schroder-HIV-SupT1-inVivo-18D03,Schroder-HIV-SupT1-inVivo,31399543,6-CUTTER,Schroder-HIV-SupT1-inVivo
483,chr1,25640880,25640880,1,+,insertion,Schroder-HIV-SupT1-inVivo-18D05,Schroder-HIV-SupT1-inVivo,31399544,6-CUTTER,Schroder-HIV-SupT1-inVivo
484,chr15,39867657,39867657,1,-,insertion,Schroder-HIV-SupT1-inVivo-18E03,Schroder-HIV-SupT1-inVivo,31400342,6-CUTTER,Schroder-HIV-SupT1-inVivo
485,chr17,73197495,73197495,1,+,insertion,Schroder-HIV-SupT1-inVivo-18E09,Schroder-HIV-SupT1-inVivo,31400612,6-CUTTER,Schroder-HIV-SupT1-inVivo
486,chr15,73824586,73824586,1,-,insertion,Schroder-HIV-SupT1-inVivo-18E10,Schroder-HIV-SupT1-inVivo,31401317,6-CUTTER,Schroder-HIV-SupT1-inVivo
487,chr12,118852493,118852493,1,+,insertion,Schroder-HIV-SupT1-inVivo-18F01,Schroder-HIV-SupT1-inVivo,31401328,6-CUTTER,Schroder-HIV-SupT1-inVivo
488,chr15,41733939,41733939,1,+,insertion,Schroder-HIV-SupT1-inVivo-18F02,Schroder-HIV-SupT1-inVivo,31401559,6-CUTTER,Schroder-HIV-SupT1-inVivo
489,chr8,42900030,42900030,1,+,insertion,Schroder-HIV-SupT1-inVivo-18F08,Schroder-HIV-SupT1-inVivo,31401971,6-CUTTER,Schroder-HIV-SupT1-inVivo
490,chr7,99466937,99466937,1,+,insertion,Schroder-HIV-SupT1-inVivo-18F09,Schroder-HIV-SupT1-inVivo,31401993,6-CUTTER,Schroder-HIV-SupT1-inVivo
491,chr7,44456831,44456831,1,+,insertion,Schroder-HIV-SupT1-inVivo-18F11,Schroder-HIV-SupT1-inVivo,31402014,6-CUTTER,Schroder-HIV-SupT1-inVivo
492,chr12,72533236,72533236,1,+,insertion,Schroder-HIV-SupT1-inVivo-18G06,Schroder-HIV-SupT1-inVivo,31402134,6-CUTTER,Schroder-HIV-SupT1-inVivo
493,chr20,61757895,61757895,1,-,insertion,Schroder-HIV-SupT1-inVivo-18G09,Schroder-HIV-SupT1-inVivo,31402931,6-CUTTER,Schroder-HIV-SupT1-inVivo
494,chr3,171335912,171335912,1,-,insertion,Schroder-HIV-SupT1-inVivo-18G11,Schroder-HIV-SupT1-inVivo,31403283,6-CUTTER,Schroder-HIV-SupT1-inVivo
495,chr19,5543314,5543314,1,-,insertion,Schroder-HIV-SupT1-inVivo-18H08,Schroder-HIV-SupT1-inVivo,31403400,6-CUTTER,Schroder-HIV-SupT1-inVivo
496,chr11,12758626,12758626,1,-,insertion,Schroder-HIV-SupT1-inVivo-18H11,Schroder-HIV-SupT1-inVivo,31403582,6-CUTTER,Schroder-HIV-SupT1-inVivo
497,chr11,66706355,66706355,1,-,insertion,Schroder-HIV-SupT1-inVivo-19A01,Schroder-HIV-SupT1-inVivo,31403630,6-CUTTER,Schroder-HIV-SupT1-inVivo
498,chr17,77686497,77686497,1,-,insertion,Schroder-HIV-SupT1-inVivo-19A03,Schroder-HIV-SupT1-inVivo,31404640,6-CUTTER,Schroder-HIV-SupT1-inVivo
499,chr19,11286690,11286690,1,-,insertion,Schroder-HIV-SupT1-inVivo-19A04,Schroder-HIV-SupT1-inVivo,31404678,6-CUTTER,Schroder-HIV-SupT1-inVivo
500,chr15,39125150,39125150,1,+,insertion,Schroder-HIV-SupT1-inVivo-19A05,Schroder-HIV-SupT1-inVivo,31404723,6-CUTTER,Schroder-HIV-SupT1-inVivo
501,chr8,146105851,146105851,1,-,insertion,Schroder-HIV-SupT1-inVivo-19A09,Schroder-HIV-SupT1-inVivo,31405007,6-CUTTER,Schroder-HIV-SupT1-inVivo
502,chr1,31215497,31215497,1,-,insertion,Schroder-HIV-SupT1-inVivo-19A10,Schroder-HIV-SupT1-inVivo,31405015,6-CUTTER,Schroder-HIV-SupT1-inVivo
503,chr1,29290128,29290128,1,+,insertion,Schroder-HIV-SupT1-inVivo-19A11,Schroder-HIV-SupT1-inVivo,31405016,6-CUTTER,Schroder-HIV-SupT1-inVivo
504,chr19,11221961,11221961,1,-,insertion,Schroder-HIV-SupT1-inVivo-19A12,Schroder-HIV-SupT1-inVivo,31405281,6-CUTTER,Schroder-HIV-SupT1-inVivo
505,chr17,73604078,73604078,1,-,insertion,Schroder-HIV-SupT1-inVivo-19B01,Schroder-HIV-SupT1-inVivo,31405328,6-CUTTER,Schroder-HIV-SupT1-inVivo
506,chr9,34000198,34000198,1,+,insertion,Schroder-HIV-SupT1-inVivo-19B02,Schroder-HIV-SupT1-inVivo,31405681,6-CUTTER,Schroder-HIV-SupT1-inVivo
507,chr10,12596677,12596677,1,-,insertion,Schroder-HIV-SupT1-inVivo-19B04,Schroder-HIV-SupT1-inVivo,31405833,6-CUTTER,Schroder-HIV-SupT1-inVivo
508,chr8,22557256,22557256,1,+,insertion,Schroder-HIV-SupT1-inVivo-19B05,Schroder-HIV-SupT1-inVivo,31405840,6-CUTTER,Schroder-HIV-SupT1-inVivo
509,chr5,71573013,71573013,1,+,insertion,Schroder-HIV-SupT1-inVivo-19B09,Schroder-HIV-SupT1-inVivo,31405860,6-CUTTER,Schroder-HIV-SupT1-inVivo
510,chr11,64753764,64753764,1,+,insertion,Schroder-HIV-SupT1-inVivo-19B11,Schroder-HIV-SupT1-inVivo,31406185,6-CUTTER,Schroder-HIV-SupT1-inVivo
511,chr8,27337173,27337173,1,+,insertion,Schroder-HIV-SupT1-inVivo-19C01,Schroder-HIV-SupT1-inVivo,31406632,6-CUTTER,Schroder-HIV-SupT1-inVivo
512,chr19,45526816,45526816,1,+,insertion,Schroder-HIV-SupT1-inVivo-19C05,Schroder-HIV-SupT1-inVivo,31407140,6-CUTTER,Schroder-HIV-SupT1-inVivo
513,chr5,106570333,106570333,1,-,insertion,Schroder-HIV-SupT1-inVivo-19C09,Schroder-HIV-SupT1-inVivo,31407354,6-CUTTER,Schroder-HIV-SupT1-inVivo
514,chr2,24378612,24378612,1,-,insertion,Schroder-HIV-SupT1-inVivo-19C11,Schroder-HIV-SupT1-inVivo,31408136,6-CUTTER,Schroder-HIV-SupT1-inVivo
515,chr1,23332308,23332308,1,+,insertion,Schroder-HIV-SupT1-inVivo-19D01,Schroder-HIV-SupT1-inVivo,31408388,6-CUTTER,Schroder-HIV-SupT1-inVivo
516,chr19,54843400,54843400,1,-,insertion,Schroder-HIV-SupT1-inVivo-19D02,Schroder-HIV-SupT1-inVivo,31409042,6-CUTTER,Schroder-HIV-SupT1-inVivo
517,chr3,126692279,126692279,1,-,insertion,Schroder-HIV-SupT1-inVivo-19D03,Schroder-HIV-SupT1-inVivo,31409285,6-CUTTER,Schroder-HIV-SupT1-inVivo
518,chr12,52297626,52297626,1,-,insertion,Schroder-HIV-SupT1-inVivo-19D08,Schroder-HIV-SupT1-inVivo,31409753,6-CUTTER,Schroder-HIV-SupT1-inVivo
519,chr11,111026987,111026987,1,+,insertion,Schroder-HIV-SupT1-inVivo-19E01,Schroder-HIV-SupT1-inVivo,31410633,6-CUTTER,Schroder-HIV-SupT1-inVivo
520,chr12,131159107,131159107,1,-,insertion,Schroder-HIV-SupT1-inVivo-19E08,Schroder-HIV-SupT1-inVivo,31411873,6-CUTTER,Schroder-HIV-SupT1-inVivo
521,chr16,3825322,3825322,1,+,insertion,Schroder-HIV-SupT1-inVivo-19E12,Schroder-HIV-SupT1-inVivo,31412464,6-CUTTER,Schroder-HIV-SupT1-inVivo
522,chrY,8223634,8223634,1,+,insertion,Schroder-HIV-SupT1-inVivo-19F01,Schroder-HIV-SupT1-inVivo,31412789,6-CUTTER,Schroder-HIV-SupT1-inVivo
523,chr6,25240339,25240339,1,-,insertion,Schroder-HIV-SupT1-inVivo-19F02,Schroder-HIV-SupT1-inVivo,31413065,6-CUTTER,Schroder-HIV-SupT1-inVivo
524,chr4,17212881,17212881,1,+,insertion,Schroder-HIV-SupT1-inVivo-19F03,Schroder-HIV-SupT1-inVivo,31413289,6-CUTTER,Schroder-HIV-SupT1-inVivo
525,chr8,60138217,60138217,1,-,insertion,Schroder-HIV-SupT1-inVivo-19F04,Schroder-HIV-SupT1-inVivo,31413292,6-CUTTER,Schroder-HIV-SupT1-inVivo
526,chr5,36970908,36970908,1,+,insertion,Schroder-HIV-SupT1-inVivo-19F05,Schroder-HIV-SupT1-inVivo,31413296,6-CUTTER,Schroder-HIV-SupT1-inVivo
527,chr1,226858443,226858443,1,+,insertion,Schroder-HIV-SupT1-inVivo-19F11,Schroder-HIV-SupT1-inVivo,31414169,6-CUTTER,Schroder-HIV-SupT1-inVivo
528,chr20,1288469,1288469,1,+,insertion,Schroder-HIV-SupT1-inVivo-19G04,Schroder-HIV-SupT1-inVivo,31414177,6-CUTTER,Schroder-HIV-SupT1-inVivo
529,chr2,166486352,166486352,1,-,insertion,Schroder-HIV-SupT1-inVivo-19G05,Schroder-HIV-SupT1-inVivo,31414229,6-CUTTER,Schroder-HIV-SupT1-inVivo
530,chr7,22950796,22950796,1,-,insertion,Schroder-HIV-SupT1-inVivo-19G08,Schroder-HIV-SupT1-inVivo,31414237,6-CUTTER,Schroder-HIV-SupT1-inVivo
531,chr5,176910498,176910498,1,-,insertion,Schroder-HIV-SupT1-inVivo-19G09,Schroder-HIV-SupT1-inVivo,31414247,6-CUTTER,Schroder-HIV-SupT1-inVivo
532,chr17,56281046,56281046,1,+,insertion,Schroder-HIV-SupT1-inVivo-19G10,Schroder-HIV-SupT1-inVivo,31414259,6-CUTTER,Schroder-HIV-SupT1-inVivo
533,chr17,3912024,3912024,1,-,insertion,Schroder-HIV-SupT1-inVivo-19G11,Schroder-HIV-SupT1-inVivo,31414276,6-CUTTER,Schroder-HIV-SupT1-inVivo
534,chr15,60023076,60023076,1,+,insertion,Schroder-HIV-SupT1-inVivo-19H01,Schroder-HIV-SupT1-inVivo,31414756,6-CUTTER,Schroder-HIV-SupT1-inVivo
535,chr12,40914559,40914559,1,+,insertion,Schroder-HIV-SupT1-inVivo-19H05,Schroder-HIV-SupT1-inVivo,31415385,6-CUTTER,Schroder-HIV-SupT1-inVivo
536,chr2,176553498,176553498,1,+,insertion,Schroder-HIV-SupT1-inVivo-19H09,Schroder-HIV-SupT1-inVivo,31416004,6-CUTTER,Schroder-HIV-SupT1-inVivo
537,chr15,39764403,39764403,1,-,insertion,Schroder-HIV-SupT1-inVivo-2,Schroder-HIV-SupT1-inVivo,31416434,6-CUTTER,Schroder-HIV-SupT1-inVivo
538,chr22,20267691,20267691,1,-,insertion,Schroder-HIV-SupT1-inVivo-22,Schroder-HIV-SupT1-inVivo,31416438,6-CUTTER,Schroder-HIV-SupT1-inVivo
539,chr14,66597255,66597255,1,-,insertion,Schroder-HIV-SupT1-inVivo-23,Schroder-HIV-SupT1-inVivo,31416443,6-CUTTER,Schroder-HIV-SupT1-inVivo
540,chr11,67216382,67216382,1,-,insertion,Schroder-HIV-SupT1-inVivo-7,Schroder-HIV-SupT1-inVivo,31416462,6-CUTTER,Schroder-HIV-SupT1-inVivo
541,chr5,754599,754599,1,-,insertion,Schroder-HIV-SupT1-inVivo-9,Schroder-HIV-SupT1-inVivo,31416479,6-CUTTER,Schroder-HIV-SupT1-inVivo
